scenario_name,condition_id,condition_label,game_name,run_profile,episode_id,random_seed,agent_1_mood_min,agent_1_mood_max,agent_1_mood_slope,agent_1_wellbeing_min,agent_1_wellbeing_max,agent_1_fatigue_min,agent_1_fatigue_max,agent_1_fatigue_over_0_6_share,agent_1_overall_state_min,agent_1_overall_state_max,agent_1_overall_state_mean,agent_1_payoff_overall_corr,agent_2_mood_min,agent_2_mood_max,agent_2_mood_slope,agent_2_wellbeing_min,agent_2_wellbeing_max,agent_2_fatigue_min,agent_2_fatigue_max,agent_2_fatigue_over_0_6_share,agent_2_overall_state_min,agent_2_overall_state_max,agent_2_overall_state_mean,agent_2_payoff_overall_corr
S4,S4_001_Prisoners_Dilemma_hybrid_vs_rational,hybrid-neutral-neutral__vs__rational,Prisoners Dilemma,paper,1,20260430,-0.5,-0.0625,-0.0005083287986000612,0.4250000000000003,0.48125,0.0,0.0,0.0,-0.6499999999999994,-0.09999999999999998,-0.6291093923079399,-0.7163102250432756,-0.5,0.176475,-0.0011863218930816568,0.42500000000000154,0.548234375,0.0,0.0,0.0,-0.6499999999999969,0.2729437500000001,-0.5962267386862736,0.5834639909152586
S4,S4_001_Prisoners_Dilemma_hybrid_vs_rational,hybrid-neutral-neutral__vs__rational,Prisoners Dilemma,paper,2,20260431,-0.5,-0.0625,-0.0005083287986000612,0.4250000000000003,0.48125,0.0,0.0,0.0,-0.6499999999999994,-0.09999999999999998,-0.6291093923079399,-0.7163102250432756,-0.5,0.176475,-0.0011863218930816568,0.42500000000000154,0.548234375,0.0,0.0,0.0,-0.6499999999999969,0.2729437500000001,-0.5962267386862736,0.5834639909152586
S4,S4_001_Prisoners_Dilemma_hybrid_vs_rational,hybrid-neutral-neutral__vs__rational,Prisoners Dilemma,paper,3,20260432,-0.5,-0.0625,-0.0005083287986000612,0.4250000000000003,0.48125,0.0,0.0,0.0,-0.6499999999999994,-0.09999999999999998,-0.6291093923079399,-0.7163102250432756,-0.5,0.176475,-0.0011863218930816568,0.42500000000000154,0.548234375,0.0,0.0,0.0,-0.6499999999999969,0.2729437500000001,-0.5962267386862736,0.5834639909152586
S4,S4_001_Prisoners_Dilemma_hybrid_vs_rational,hybrid-neutral-neutral__vs__rational,Prisoners Dilemma,paper,4,20260433,-0.5,-0.0625,-0.0005083287986000612,0.4250000000000003,0.48125,0.0,0.0,0.0,-0.6499999999999994,-0.09999999999999998,-0.6291093923079399,-0.7163102250432756,-0.5,0.176475,-0.0011863218930816568,0.42500000000000154,0.548234375,0.0,0.0,0.0,-0.6499999999999969,0.2729437500000001,-0.5962267386862736,0.5834639909152586
S4,S4_001_Prisoners_Dilemma_hybrid_vs_rational,hybrid-neutral-neutral__vs__rational,Prisoners Dilemma,paper,5,20260434,-0.5,-0.0625,-0.0005083287986000612,0.4250000000000003,0.48125,0.0,0.0,0.0,-0.6499999999999994,-0.09999999999999998,-0.6291093923079399,-0.7163102250432756,-0.5,0.176475,-0.0011863218930816568,0.42500000000000154,0.548234375,0.0,0.0,0.0,-0.6499999999999969,0.2729437500000001,-0.5962267386862736,0.5834639909152586
S4,S4_001_Prisoners_Dilemma_hybrid_vs_rational,hybrid-neutral-neutral__vs__rational,Prisoners Dilemma,paper,6,20260435,-0.5,-0.0625,-0.0005083287986000612,0.4250000000000003,0.48125,0.0,0.0,0.0,-0.6499999999999994,-0.09999999999999998,-0.6291093923079399,-0.7163102250432756,-0.5,0.176475,-0.0011863218930816568,0.42500000000000154,0.548234375,0.0,0.0,0.0,-0.6499999999999969,0.2729437500000001,-0.5962267386862736,0.5834639909152586
S4,S4_001_Prisoners_Dilemma_hybrid_vs_rational,hybrid-neutral-neutral__vs__rational,Prisoners Dilemma,paper,7,20260436,-0.5,-0.0625,-0.0005083287986000612,0.4250000000000003,0.48125,0.0,0.0,0.0,-0.6499999999999994,-0.09999999999999998,-0.6291093923079399,-0.7163102250432756,-0.5,0.176475,-0.0011863218930816568,0.42500000000000154,0.548234375,0.0,0.0,0.0,-0.6499999999999969,0.2729437500000001,-0.5962267386862736,0.5834639909152586
S4,S4_001_Prisoners_Dilemma_hybrid_vs_rational,hybrid-neutral-neutral__vs__rational,Prisoners Dilemma,paper,8,20260437,-0.5,-0.0625,-0.0005083287986000612,0.4250000000000003,0.48125,0.0,0.0,0.0,-0.6499999999999994,-0.09999999999999998,-0.6291093923079399,-0.7163102250432756,-0.5,0.176475,-0.0011863218930816568,0.42500000000000154,0.548234375,0.0,0.0,0.0,-0.6499999999999969,0.2729437500000001,-0.5962267386862736,0.5834639909152586
S4,S4_001_Prisoners_Dilemma_hybrid_vs_rational,hybrid-neutral-neutral__vs__rational,Prisoners Dilemma,paper,9,20260438,-0.5,-0.0625,-0.0005083287986000612,0.4250000000000003,0.48125,0.0,0.0,0.0,-0.6499999999999994,-0.09999999999999998,-0.6291093923079399,-0.7163102250432756,-0.5,0.176475,-0.0011863218930816568,0.42500000000000154,0.548234375,0.0,0.0,0.0,-0.6499999999999969,0.2729437500000001,-0.5962267386862736,0.5834639909152586
S4,S4_001_Prisoners_Dilemma_hybrid_vs_rational,hybrid-neutral-neutral__vs__rational,Prisoners Dilemma,paper,10,20260439,-0.5,-0.0625,-0.0005083287986000612,0.4250000000000003,0.48125,0.0,0.0,0.0,-0.6499999999999994,-0.09999999999999998,-0.6291093923079399,-0.7163102250432756,-0.5,0.176475,-0.0011863218930816568,0.42500000000000154,0.548234375,0.0,0.0,0.0,-0.6499999999999969,0.2729437500000001,-0.5962267386862736,0.5834639909152586
S4,S4_001_Prisoners_Dilemma_hybrid_vs_rational,hybrid-neutral-neutral__vs__rational,Prisoners Dilemma,paper,11,20260440,-0.5,-0.0625,-0.0005083287986000612,0.4250000000000003,0.48125,0.0,0.0,0.0,-0.6499999999999994,-0.09999999999999998,-0.6291093923079399,-0.7163102250432756,-0.5,0.176475,-0.0011863218930816568,0.42500000000000154,0.548234375,0.0,0.0,0.0,-0.6499999999999969,0.2729437500000001,-0.5962267386862736,0.5834639909152586
S4,S4_001_Prisoners_Dilemma_hybrid_vs_rational,hybrid-neutral-neutral__vs__rational,Prisoners Dilemma,paper,12,20260441,-0.5,-0.0625,-0.0005083287986000612,0.4250000000000003,0.48125,0.0,0.0,0.0,-0.6499999999999994,-0.09999999999999998,-0.6291093923079399,-0.7163102250432756,-0.5,0.176475,-0.0011863218930816568,0.42500000000000154,0.548234375,0.0,0.0,0.0,-0.6499999999999969,0.2729437500000001,-0.5962267386862736,0.5834639909152586
S4,S4_001_Prisoners_Dilemma_hybrid_vs_rational,hybrid-neutral-neutral__vs__rational,Prisoners Dilemma,paper,13,20260442,-0.5,-0.0625,-0.0005083287986000612,0.4250000000000003,0.48125,0.0,0.0,0.0,-0.6499999999999994,-0.09999999999999998,-0.6291093923079399,-0.7163102250432756,-0.5,0.176475,-0.0011863218930816568,0.42500000000000154,0.548234375,0.0,0.0,0.0,-0.6499999999999969,0.2729437500000001,-0.5962267386862736,0.5834639909152586
S4,S4_001_Prisoners_Dilemma_hybrid_vs_rational,hybrid-neutral-neutral__vs__rational,Prisoners Dilemma,paper,14,20260443,-0.5,-0.0625,-0.0005083287986000612,0.4250000000000003,0.48125,0.0,0.0,0.0,-0.6499999999999994,-0.09999999999999998,-0.6291093923079399,-0.7163102250432756,-0.5,0.176475,-0.0011863218930816568,0.42500000000000154,0.548234375,0.0,0.0,0.0,-0.6499999999999969,0.2729437500000001,-0.5962267386862736,0.5834639909152586
S4,S4_001_Prisoners_Dilemma_hybrid_vs_rational,hybrid-neutral-neutral__vs__rational,Prisoners Dilemma,paper,15,20260444,-0.5,-0.0625,-0.0005083287986000612,0.4250000000000003,0.48125,0.0,0.0,0.0,-0.6499999999999994,-0.09999999999999998,-0.6291093923079399,-0.7163102250432756,-0.5,0.176475,-0.0011863218930816568,0.42500000000000154,0.548234375,0.0,0.0,0.0,-0.6499999999999969,0.2729437500000001,-0.5962267386862736,0.5834639909152586
S4,S4_001_Prisoners_Dilemma_hybrid_vs_rational,hybrid-neutral-neutral__vs__rational,Prisoners Dilemma,paper,16,20260445,-0.5,-0.0625,-0.0005083287986000612,0.4250000000000003,0.48125,0.0,0.0,0.0,-0.6499999999999994,-0.09999999999999998,-0.6291093923079399,-0.7163102250432756,-0.5,0.176475,-0.0011863218930816568,0.42500000000000154,0.548234375,0.0,0.0,0.0,-0.6499999999999969,0.2729437500000001,-0.5962267386862736,0.5834639909152586
S4,S4_001_Prisoners_Dilemma_hybrid_vs_rational,hybrid-neutral-neutral__vs__rational,Prisoners Dilemma,paper,17,20260446,-0.5,-0.0625,-0.0005083287986000612,0.4250000000000003,0.48125,0.0,0.0,0.0,-0.6499999999999994,-0.09999999999999998,-0.6291093923079399,-0.7163102250432756,-0.5,0.176475,-0.0011863218930816568,0.42500000000000154,0.548234375,0.0,0.0,0.0,-0.6499999999999969,0.2729437500000001,-0.5962267386862736,0.5834639909152586
S4,S4_001_Prisoners_Dilemma_hybrid_vs_rational,hybrid-neutral-neutral__vs__rational,Prisoners Dilemma,paper,18,20260447,-0.5,-0.0625,-0.0005083287986000612,0.4250000000000003,0.48125,0.0,0.0,0.0,-0.6499999999999994,-0.09999999999999998,-0.6291093923079399,-0.7163102250432756,-0.5,0.176475,-0.0011863218930816568,0.42500000000000154,0.548234375,0.0,0.0,0.0,-0.6499999999999969,0.2729437500000001,-0.5962267386862736,0.5834639909152586
S4,S4_001_Prisoners_Dilemma_hybrid_vs_rational,hybrid-neutral-neutral__vs__rational,Prisoners Dilemma,paper,19,20260448,-0.5,-0.0625,-0.0005083287986000612,0.4250000000000003,0.48125,0.0,0.0,0.0,-0.6499999999999994,-0.09999999999999998,-0.6291093923079399,-0.7163102250432756,-0.5,0.176475,-0.0011863218930816568,0.42500000000000154,0.548234375,0.0,0.0,0.0,-0.6499999999999969,0.2729437500000001,-0.5962267386862736,0.5834639909152586
S4,S4_001_Prisoners_Dilemma_hybrid_vs_rational,hybrid-neutral-neutral__vs__rational,Prisoners Dilemma,paper,20,20260449,-0.5,-0.0625,-0.0005083287986000612,0.4250000000000003,0.48125,0.0,0.0,0.0,-0.6499999999999994,-0.09999999999999998,-0.6291093923079399,-0.7163102250432756,-0.5,0.176475,-0.0011863218930816568,0.42500000000000154,0.548234375,0.0,0.0,0.0,-0.6499999999999969,0.2729437500000001,-0.5962267386862736,0.5834639909152586
S4,S4_002_Prisoners_Dilemma_hybrid_vs_always_defect,hybrid-neutral-neutral__vs__fixed-always_defect,Prisoners Dilemma,paper,21,20260430,-0.5,-0.0625,-0.0005083287986000612,0.4250000000000003,0.48125,0.0,0.0,0.0,-0.6499999999999994,-0.09999999999999998,-0.6291093923079399,-0.7163102250432756,-0.5,0.176475,-0.0011863218930816568,0.42500000000000154,0.548234375,0.0,0.0,0.0,-0.6499999999999969,0.2729437500000001,-0.5962267386862736,0.5834639909152586
S4,S4_002_Prisoners_Dilemma_hybrid_vs_always_defect,hybrid-neutral-neutral__vs__fixed-always_defect,Prisoners Dilemma,paper,22,20260431,-0.5,-0.0625,-0.0005083287986000612,0.4250000000000003,0.48125,0.0,0.0,0.0,-0.6499999999999994,-0.09999999999999998,-0.6291093923079399,-0.7163102250432756,-0.5,0.176475,-0.0011863218930816568,0.42500000000000154,0.548234375,0.0,0.0,0.0,-0.6499999999999969,0.2729437500000001,-0.5962267386862736,0.5834639909152586
S4,S4_002_Prisoners_Dilemma_hybrid_vs_always_defect,hybrid-neutral-neutral__vs__fixed-always_defect,Prisoners Dilemma,paper,23,20260432,-0.5,-0.0625,-0.0005083287986000612,0.4250000000000003,0.48125,0.0,0.0,0.0,-0.6499999999999994,-0.09999999999999998,-0.6291093923079399,-0.7163102250432756,-0.5,0.176475,-0.0011863218930816568,0.42500000000000154,0.548234375,0.0,0.0,0.0,-0.6499999999999969,0.2729437500000001,-0.5962267386862736,0.5834639909152586
S4,S4_002_Prisoners_Dilemma_hybrid_vs_always_defect,hybrid-neutral-neutral__vs__fixed-always_defect,Prisoners Dilemma,paper,24,20260433,-0.5,-0.0625,-0.0005083287986000612,0.4250000000000003,0.48125,0.0,0.0,0.0,-0.6499999999999994,-0.09999999999999998,-0.6291093923079399,-0.7163102250432756,-0.5,0.176475,-0.0011863218930816568,0.42500000000000154,0.548234375,0.0,0.0,0.0,-0.6499999999999969,0.2729437500000001,-0.5962267386862736,0.5834639909152586
S4,S4_002_Prisoners_Dilemma_hybrid_vs_always_defect,hybrid-neutral-neutral__vs__fixed-always_defect,Prisoners Dilemma,paper,25,20260434,-0.5,-0.0625,-0.0005083287986000612,0.4250000000000003,0.48125,0.0,0.0,0.0,-0.6499999999999994,-0.09999999999999998,-0.6291093923079399,-0.7163102250432756,-0.5,0.176475,-0.0011863218930816568,0.42500000000000154,0.548234375,0.0,0.0,0.0,-0.6499999999999969,0.2729437500000001,-0.5962267386862736,0.5834639909152586
S4,S4_002_Prisoners_Dilemma_hybrid_vs_always_defect,hybrid-neutral-neutral__vs__fixed-always_defect,Prisoners Dilemma,paper,26,20260435,-0.5,-0.0625,-0.0005083287986000612,0.4250000000000003,0.48125,0.0,0.0,0.0,-0.6499999999999994,-0.09999999999999998,-0.6291093923079399,-0.7163102250432756,-0.5,0.176475,-0.0011863218930816568,0.42500000000000154,0.548234375,0.0,0.0,0.0,-0.6499999999999969,0.2729437500000001,-0.5962267386862736,0.5834639909152586
S4,S4_002_Prisoners_Dilemma_hybrid_vs_always_defect,hybrid-neutral-neutral__vs__fixed-always_defect,Prisoners Dilemma,paper,27,20260436,-0.5,-0.0625,-0.0005083287986000612,0.4250000000000003,0.48125,0.0,0.0,0.0,-0.6499999999999994,-0.09999999999999998,-0.6291093923079399,-0.7163102250432756,-0.5,0.176475,-0.0011863218930816568,0.42500000000000154,0.548234375,0.0,0.0,0.0,-0.6499999999999969,0.2729437500000001,-0.5962267386862736,0.5834639909152586
S4,S4_002_Prisoners_Dilemma_hybrid_vs_always_defect,hybrid-neutral-neutral__vs__fixed-always_defect,Prisoners Dilemma,paper,28,20260437,-0.5,-0.0625,-0.0005083287986000612,0.4250000000000003,0.48125,0.0,0.0,0.0,-0.6499999999999994,-0.09999999999999998,-0.6291093923079399,-0.7163102250432756,-0.5,0.176475,-0.0011863218930816568,0.42500000000000154,0.548234375,0.0,0.0,0.0,-0.6499999999999969,0.2729437500000001,-0.5962267386862736,0.5834639909152586
S4,S4_002_Prisoners_Dilemma_hybrid_vs_always_defect,hybrid-neutral-neutral__vs__fixed-always_defect,Prisoners Dilemma,paper,29,20260438,-0.5,-0.0625,-0.0005083287986000612,0.4250000000000003,0.48125,0.0,0.0,0.0,-0.6499999999999994,-0.09999999999999998,-0.6291093923079399,-0.7163102250432756,-0.5,0.176475,-0.0011863218930816568,0.42500000000000154,0.548234375,0.0,0.0,0.0,-0.6499999999999969,0.2729437500000001,-0.5962267386862736,0.5834639909152586
S4,S4_002_Prisoners_Dilemma_hybrid_vs_always_defect,hybrid-neutral-neutral__vs__fixed-always_defect,Prisoners Dilemma,paper,30,20260439,-0.5,-0.0625,-0.0005083287986000612,0.4250000000000003,0.48125,0.0,0.0,0.0,-0.6499999999999994,-0.09999999999999998,-0.6291093923079399,-0.7163102250432756,-0.5,0.176475,-0.0011863218930816568,0.42500000000000154,0.548234375,0.0,0.0,0.0,-0.6499999999999969,0.2729437500000001,-0.5962267386862736,0.5834639909152586
S4,S4_002_Prisoners_Dilemma_hybrid_vs_always_defect,hybrid-neutral-neutral__vs__fixed-always_defect,Prisoners Dilemma,paper,31,20260440,-0.5,-0.0625,-0.0005083287986000612,0.4250000000000003,0.48125,0.0,0.0,0.0,-0.6499999999999994,-0.09999999999999998,-0.6291093923079399,-0.7163102250432756,-0.5,0.176475,-0.0011863218930816568,0.42500000000000154,0.548234375,0.0,0.0,0.0,-0.6499999999999969,0.2729437500000001,-0.5962267386862736,0.5834639909152586
S4,S4_002_Prisoners_Dilemma_hybrid_vs_always_defect,hybrid-neutral-neutral__vs__fixed-always_defect,Prisoners Dilemma,paper,32,20260441,-0.5,-0.0625,-0.0005083287986000612,0.4250000000000003,0.48125,0.0,0.0,0.0,-0.6499999999999994,-0.09999999999999998,-0.6291093923079399,-0.7163102250432756,-0.5,0.176475,-0.0011863218930816568,0.42500000000000154,0.548234375,0.0,0.0,0.0,-0.6499999999999969,0.2729437500000001,-0.5962267386862736,0.5834639909152586
S4,S4_002_Prisoners_Dilemma_hybrid_vs_always_defect,hybrid-neutral-neutral__vs__fixed-always_defect,Prisoners Dilemma,paper,33,20260442,-0.5,-0.0625,-0.0005083287986000612,0.4250000000000003,0.48125,0.0,0.0,0.0,-0.6499999999999994,-0.09999999999999998,-0.6291093923079399,-0.7163102250432756,-0.5,0.176475,-0.0011863218930816568,0.42500000000000154,0.548234375,0.0,0.0,0.0,-0.6499999999999969,0.2729437500000001,-0.5962267386862736,0.5834639909152586
S4,S4_002_Prisoners_Dilemma_hybrid_vs_always_defect,hybrid-neutral-neutral__vs__fixed-always_defect,Prisoners Dilemma,paper,34,20260443,-0.5,-0.0625,-0.0005083287986000612,0.4250000000000003,0.48125,0.0,0.0,0.0,-0.6499999999999994,-0.09999999999999998,-0.6291093923079399,-0.7163102250432756,-0.5,0.176475,-0.0011863218930816568,0.42500000000000154,0.548234375,0.0,0.0,0.0,-0.6499999999999969,0.2729437500000001,-0.5962267386862736,0.5834639909152586
S4,S4_002_Prisoners_Dilemma_hybrid_vs_always_defect,hybrid-neutral-neutral__vs__fixed-always_defect,Prisoners Dilemma,paper,35,20260444,-0.5,-0.0625,-0.0005083287986000612,0.4250000000000003,0.48125,0.0,0.0,0.0,-0.6499999999999994,-0.09999999999999998,-0.6291093923079399,-0.7163102250432756,-0.5,0.176475,-0.0011863218930816568,0.42500000000000154,0.548234375,0.0,0.0,0.0,-0.6499999999999969,0.2729437500000001,-0.5962267386862736,0.5834639909152586
S4,S4_002_Prisoners_Dilemma_hybrid_vs_always_defect,hybrid-neutral-neutral__vs__fixed-always_defect,Prisoners Dilemma,paper,36,20260445,-0.5,-0.0625,-0.0005083287986000612,0.4250000000000003,0.48125,0.0,0.0,0.0,-0.6499999999999994,-0.09999999999999998,-0.6291093923079399,-0.7163102250432756,-0.5,0.176475,-0.0011863218930816568,0.42500000000000154,0.548234375,0.0,0.0,0.0,-0.6499999999999969,0.2729437500000001,-0.5962267386862736,0.5834639909152586
S4,S4_002_Prisoners_Dilemma_hybrid_vs_always_defect,hybrid-neutral-neutral__vs__fixed-always_defect,Prisoners Dilemma,paper,37,20260446,-0.5,-0.0625,-0.0005083287986000612,0.4250000000000003,0.48125,0.0,0.0,0.0,-0.6499999999999994,-0.09999999999999998,-0.6291093923079399,-0.7163102250432756,-0.5,0.176475,-0.0011863218930816568,0.42500000000000154,0.548234375,0.0,0.0,0.0,-0.6499999999999969,0.2729437500000001,-0.5962267386862736,0.5834639909152586
S4,S4_002_Prisoners_Dilemma_hybrid_vs_always_defect,hybrid-neutral-neutral__vs__fixed-always_defect,Prisoners Dilemma,paper,38,20260447,-0.5,-0.0625,-0.0005083287986000612,0.4250000000000003,0.48125,0.0,0.0,0.0,-0.6499999999999994,-0.09999999999999998,-0.6291093923079399,-0.7163102250432756,-0.5,0.176475,-0.0011863218930816568,0.42500000000000154,0.548234375,0.0,0.0,0.0,-0.6499999999999969,0.2729437500000001,-0.5962267386862736,0.5834639909152586
S4,S4_002_Prisoners_Dilemma_hybrid_vs_always_defect,hybrid-neutral-neutral__vs__fixed-always_defect,Prisoners Dilemma,paper,39,20260448,-0.5,-0.0625,-0.0005083287986000612,0.4250000000000003,0.48125,0.0,0.0,0.0,-0.6499999999999994,-0.09999999999999998,-0.6291093923079399,-0.7163102250432756,-0.5,0.176475,-0.0011863218930816568,0.42500000000000154,0.548234375,0.0,0.0,0.0,-0.6499999999999969,0.2729437500000001,-0.5962267386862736,0.5834639909152586
S4,S4_002_Prisoners_Dilemma_hybrid_vs_always_defect,hybrid-neutral-neutral__vs__fixed-always_defect,Prisoners Dilemma,paper,40,20260449,-0.5,-0.0625,-0.0005083287986000612,0.4250000000000003,0.48125,0.0,0.0,0.0,-0.6499999999999994,-0.09999999999999998,-0.6291093923079399,-0.7163102250432756,-0.5,0.176475,-0.0011863218930816568,0.42500000000000154,0.548234375,0.0,0.0,0.0,-0.6499999999999969,0.2729437500000001,-0.5962267386862736,0.5834639909152586
S4,S4_003_Prisoners_Dilemma_hybrid_vs_tit_for_tat,hybrid-neutral-neutral__vs__fixed-tit_for_tat,Prisoners Dilemma,paper,41,20260430,0.012499999999999997,0.20833245364368258,0.0004104466904244758,0.50375,0.5249999999999997,0.0,0.0,0.0,0.02000000000000006,0.25833245364368196,0.24059729113124453,,0.012499999999999997,0.20833245364368258,0.0004104466904244758,0.50375,0.5249999999999997,0.0,0.0,0.0,0.02000000000000006,0.25833245364368196,0.24059729113124453,
S4,S4_003_Prisoners_Dilemma_hybrid_vs_tit_for_tat,hybrid-neutral-neutral__vs__fixed-tit_for_tat,Prisoners Dilemma,paper,42,20260431,0.012499999999999997,0.20833245364368258,0.0004104466904244758,0.50375,0.5249999999999997,0.0,0.0,0.0,0.02000000000000006,0.25833245364368196,0.24059729113124453,,0.012499999999999997,0.20833245364368258,0.0004104466904244758,0.50375,0.5249999999999997,0.0,0.0,0.0,0.02000000000000006,0.25833245364368196,0.24059729113124453,
S4,S4_003_Prisoners_Dilemma_hybrid_vs_tit_for_tat,hybrid-neutral-neutral__vs__fixed-tit_for_tat,Prisoners Dilemma,paper,43,20260432,0.012499999999999997,0.20833245364368258,0.0004104466904244758,0.50375,0.5249999999999997,0.0,0.0,0.0,0.02000000000000006,0.25833245364368196,0.24059729113124453,,0.012499999999999997,0.20833245364368258,0.0004104466904244758,0.50375,0.5249999999999997,0.0,0.0,0.0,0.02000000000000006,0.25833245364368196,0.24059729113124453,
S4,S4_003_Prisoners_Dilemma_hybrid_vs_tit_for_tat,hybrid-neutral-neutral__vs__fixed-tit_for_tat,Prisoners Dilemma,paper,44,20260433,0.012499999999999997,0.20833245364368258,0.0004104466904244758,0.50375,0.5249999999999997,0.0,0.0,0.0,0.02000000000000006,0.25833245364368196,0.24059729113124453,,0.012499999999999997,0.20833245364368258,0.0004104466904244758,0.50375,0.5249999999999997,0.0,0.0,0.0,0.02000000000000006,0.25833245364368196,0.24059729113124453,
S4,S4_003_Prisoners_Dilemma_hybrid_vs_tit_for_tat,hybrid-neutral-neutral__vs__fixed-tit_for_tat,Prisoners Dilemma,paper,45,20260434,0.012499999999999997,0.20833245364368258,0.0004104466904244758,0.50375,0.5249999999999997,0.0,0.0,0.0,0.02000000000000006,0.25833245364368196,0.24059729113124453,,0.012499999999999997,0.20833245364368258,0.0004104466904244758,0.50375,0.5249999999999997,0.0,0.0,0.0,0.02000000000000006,0.25833245364368196,0.24059729113124453,
S4,S4_003_Prisoners_Dilemma_hybrid_vs_tit_for_tat,hybrid-neutral-neutral__vs__fixed-tit_for_tat,Prisoners Dilemma,paper,46,20260435,0.012499999999999997,0.20833245364368258,0.0004104466904244758,0.50375,0.5249999999999997,0.0,0.0,0.0,0.02000000000000006,0.25833245364368196,0.24059729113124453,,0.012499999999999997,0.20833245364368258,0.0004104466904244758,0.50375,0.5249999999999997,0.0,0.0,0.0,0.02000000000000006,0.25833245364368196,0.24059729113124453,
S4,S4_003_Prisoners_Dilemma_hybrid_vs_tit_for_tat,hybrid-neutral-neutral__vs__fixed-tit_for_tat,Prisoners Dilemma,paper,47,20260436,0.012499999999999997,0.20833245364368258,0.0004104466904244758,0.50375,0.5249999999999997,0.0,0.0,0.0,0.02000000000000006,0.25833245364368196,0.24059729113124453,,0.012499999999999997,0.20833245364368258,0.0004104466904244758,0.50375,0.5249999999999997,0.0,0.0,0.0,0.02000000000000006,0.25833245364368196,0.24059729113124453,
S4,S4_003_Prisoners_Dilemma_hybrid_vs_tit_for_tat,hybrid-neutral-neutral__vs__fixed-tit_for_tat,Prisoners Dilemma,paper,48,20260437,0.012499999999999997,0.20833245364368258,0.0004104466904244758,0.50375,0.5249999999999997,0.0,0.0,0.0,0.02000000000000006,0.25833245364368196,0.24059729113124453,,0.012499999999999997,0.20833245364368258,0.0004104466904244758,0.50375,0.5249999999999997,0.0,0.0,0.0,0.02000000000000006,0.25833245364368196,0.24059729113124453,
S4,S4_003_Prisoners_Dilemma_hybrid_vs_tit_for_tat,hybrid-neutral-neutral__vs__fixed-tit_for_tat,Prisoners Dilemma,paper,49,20260438,0.012499999999999997,0.20833245364368258,0.0004104466904244758,0.50375,0.5249999999999997,0.0,0.0,0.0,0.02000000000000006,0.25833245364368196,0.24059729113124453,,0.012499999999999997,0.20833245364368258,0.0004104466904244758,0.50375,0.5249999999999997,0.0,0.0,0.0,0.02000000000000006,0.25833245364368196,0.24059729113124453,
S4,S4_003_Prisoners_Dilemma_hybrid_vs_tit_for_tat,hybrid-neutral-neutral__vs__fixed-tit_for_tat,Prisoners Dilemma,paper,50,20260439,0.012499999999999997,0.20833245364368258,0.0004104466904244758,0.50375,0.5249999999999997,0.0,0.0,0.0,0.02000000000000006,0.25833245364368196,0.24059729113124453,,0.012499999999999997,0.20833245364368258,0.0004104466904244758,0.50375,0.5249999999999997,0.0,0.0,0.0,0.02000000000000006,0.25833245364368196,0.24059729113124453,
S4,S4_003_Prisoners_Dilemma_hybrid_vs_tit_for_tat,hybrid-neutral-neutral__vs__fixed-tit_for_tat,Prisoners Dilemma,paper,51,20260440,0.012499999999999997,0.20833245364368258,0.0004104466904244758,0.50375,0.5249999999999997,0.0,0.0,0.0,0.02000000000000006,0.25833245364368196,0.24059729113124453,,0.012499999999999997,0.20833245364368258,0.0004104466904244758,0.50375,0.5249999999999997,0.0,0.0,0.0,0.02000000000000006,0.25833245364368196,0.24059729113124453,
S4,S4_003_Prisoners_Dilemma_hybrid_vs_tit_for_tat,hybrid-neutral-neutral__vs__fixed-tit_for_tat,Prisoners Dilemma,paper,52,20260441,0.012499999999999997,0.20833245364368258,0.0004104466904244758,0.50375,0.5249999999999997,0.0,0.0,0.0,0.02000000000000006,0.25833245364368196,0.24059729113124453,,0.012499999999999997,0.20833245364368258,0.0004104466904244758,0.50375,0.5249999999999997,0.0,0.0,0.0,0.02000000000000006,0.25833245364368196,0.24059729113124453,
S4,S4_003_Prisoners_Dilemma_hybrid_vs_tit_for_tat,hybrid-neutral-neutral__vs__fixed-tit_for_tat,Prisoners Dilemma,paper,53,20260442,0.012499999999999997,0.20833245364368258,0.0004104466904244758,0.50375,0.5249999999999997,0.0,0.0,0.0,0.02000000000000006,0.25833245364368196,0.24059729113124453,,0.012499999999999997,0.20833245364368258,0.0004104466904244758,0.50375,0.5249999999999997,0.0,0.0,0.0,0.02000000000000006,0.25833245364368196,0.24059729113124453,
S4,S4_003_Prisoners_Dilemma_hybrid_vs_tit_for_tat,hybrid-neutral-neutral__vs__fixed-tit_for_tat,Prisoners Dilemma,paper,54,20260443,0.012499999999999997,0.20833245364368258,0.0004104466904244758,0.50375,0.5249999999999997,0.0,0.0,0.0,0.02000000000000006,0.25833245364368196,0.24059729113124453,,0.012499999999999997,0.20833245364368258,0.0004104466904244758,0.50375,0.5249999999999997,0.0,0.0,0.0,0.02000000000000006,0.25833245364368196,0.24059729113124453,
S4,S4_003_Prisoners_Dilemma_hybrid_vs_tit_for_tat,hybrid-neutral-neutral__vs__fixed-tit_for_tat,Prisoners Dilemma,paper,55,20260444,0.012499999999999997,0.20833245364368258,0.0004104466904244758,0.50375,0.5249999999999997,0.0,0.0,0.0,0.02000000000000006,0.25833245364368196,0.24059729113124453,,0.012499999999999997,0.20833245364368258,0.0004104466904244758,0.50375,0.5249999999999997,0.0,0.0,0.0,0.02000000000000006,0.25833245364368196,0.24059729113124453,
S4,S4_003_Prisoners_Dilemma_hybrid_vs_tit_for_tat,hybrid-neutral-neutral__vs__fixed-tit_for_tat,Prisoners Dilemma,paper,56,20260445,0.012499999999999997,0.20833245364368258,0.0004104466904244758,0.50375,0.5249999999999997,0.0,0.0,0.0,0.02000000000000006,0.25833245364368196,0.24059729113124453,,0.012499999999999997,0.20833245364368258,0.0004104466904244758,0.50375,0.5249999999999997,0.0,0.0,0.0,0.02000000000000006,0.25833245364368196,0.24059729113124453,
S4,S4_003_Prisoners_Dilemma_hybrid_vs_tit_for_tat,hybrid-neutral-neutral__vs__fixed-tit_for_tat,Prisoners Dilemma,paper,57,20260446,0.012499999999999997,0.20833245364368258,0.0004104466904244758,0.50375,0.5249999999999997,0.0,0.0,0.0,0.02000000000000006,0.25833245364368196,0.24059729113124453,,0.012499999999999997,0.20833245364368258,0.0004104466904244758,0.50375,0.5249999999999997,0.0,0.0,0.0,0.02000000000000006,0.25833245364368196,0.24059729113124453,
S4,S4_003_Prisoners_Dilemma_hybrid_vs_tit_for_tat,hybrid-neutral-neutral__vs__fixed-tit_for_tat,Prisoners Dilemma,paper,58,20260447,0.012499999999999997,0.20833245364368258,0.0004104466904244758,0.50375,0.5249999999999997,0.0,0.0,0.0,0.02000000000000006,0.25833245364368196,0.24059729113124453,,0.012499999999999997,0.20833245364368258,0.0004104466904244758,0.50375,0.5249999999999997,0.0,0.0,0.0,0.02000000000000006,0.25833245364368196,0.24059729113124453,
S4,S4_003_Prisoners_Dilemma_hybrid_vs_tit_for_tat,hybrid-neutral-neutral__vs__fixed-tit_for_tat,Prisoners Dilemma,paper,59,20260448,0.012499999999999997,0.20833245364368258,0.0004104466904244758,0.50375,0.5249999999999997,0.0,0.0,0.0,0.02000000000000006,0.25833245364368196,0.24059729113124453,,0.012499999999999997,0.20833245364368258,0.0004104466904244758,0.50375,0.5249999999999997,0.0,0.0,0.0,0.02000000000000006,0.25833245364368196,0.24059729113124453,
S4,S4_003_Prisoners_Dilemma_hybrid_vs_tit_for_tat,hybrid-neutral-neutral__vs__fixed-tit_for_tat,Prisoners Dilemma,paper,60,20260449,0.012499999999999997,0.20833245364368258,0.0004104466904244758,0.50375,0.5249999999999997,0.0,0.0,0.0,0.02000000000000006,0.25833245364368196,0.24059729113124453,,0.012499999999999997,0.20833245364368258,0.0004104466904244758,0.50375,0.5249999999999997,0.0,0.0,0.0,0.02000000000000006,0.25833245364368196,0.24059729113124453,
S4,S4_004_Prisoners_Dilemma_emotional_vs_rational,emotional-neutral-neutral__vs__rational,Prisoners Dilemma,paper,61,20260430,-0.5,-0.0625,-0.00043234422929183566,0.4250000000000001,0.48125,0.0,0.0,0.0,-0.6499999999999998,-0.09999999999999998,-0.6329571129609495,-0.8562049317691225,-0.5,0.27718330999999996,-0.001551801971257058,0.4250000000000025,0.5695368359375,0.0,0.0,0.0,-0.649999999999995,0.41625698187500004,-0.5780051793583433,0.6508517929599543
S4,S4_004_Prisoners_Dilemma_emotional_vs_rational,emotional-neutral-neutral__vs__rational,Prisoners Dilemma,paper,62,20260431,-0.5,-0.0625,-0.00043234422929183566,0.4250000000000001,0.48125,0.0,0.0,0.0,-0.6499999999999998,-0.09999999999999998,-0.6329571129609495,-0.8562049317691225,-0.5,0.27718330999999996,-0.001551801971257058,0.4250000000000025,0.5695368359375,0.0,0.0,0.0,-0.649999999999995,0.41625698187500004,-0.5780051793583433,0.6508517929599543
S4,S4_004_Prisoners_Dilemma_emotional_vs_rational,emotional-neutral-neutral__vs__rational,Prisoners Dilemma,paper,63,20260432,-0.5,-0.0625,-0.00043234422929183566,0.4250000000000001,0.48125,0.0,0.0,0.0,-0.6499999999999998,-0.09999999999999998,-0.6329571129609495,-0.8562049317691225,-0.5,0.27718330999999996,-0.001551801971257058,0.4250000000000025,0.5695368359375,0.0,0.0,0.0,-0.649999999999995,0.41625698187500004,-0.5780051793583433,0.6508517929599543
S4,S4_004_Prisoners_Dilemma_emotional_vs_rational,emotional-neutral-neutral__vs__rational,Prisoners Dilemma,paper,64,20260433,-0.5,-0.0625,-0.00043234422929183566,0.4250000000000001,0.48125,0.0,0.0,0.0,-0.6499999999999998,-0.09999999999999998,-0.6329571129609495,-0.8562049317691225,-0.5,0.27718330999999996,-0.001551801971257058,0.4250000000000025,0.5695368359375,0.0,0.0,0.0,-0.649999999999995,0.41625698187500004,-0.5780051793583433,0.6508517929599543
S4,S4_004_Prisoners_Dilemma_emotional_vs_rational,emotional-neutral-neutral__vs__rational,Prisoners Dilemma,paper,65,20260434,-0.5,-0.0625,-0.00043234422929183566,0.4250000000000001,0.48125,0.0,0.0,0.0,-0.6499999999999998,-0.09999999999999998,-0.6329571129609495,-0.8562049317691225,-0.5,0.27718330999999996,-0.001551801971257058,0.4250000000000025,0.5695368359375,0.0,0.0,0.0,-0.649999999999995,0.41625698187500004,-0.5780051793583433,0.6508517929599543
S4,S4_004_Prisoners_Dilemma_emotional_vs_rational,emotional-neutral-neutral__vs__rational,Prisoners Dilemma,paper,66,20260435,-0.5,-0.0625,-0.00043234422929183566,0.4250000000000001,0.48125,0.0,0.0,0.0,-0.6499999999999998,-0.09999999999999998,-0.6329571129609495,-0.8562049317691225,-0.5,0.27718330999999996,-0.001551801971257058,0.4250000000000025,0.5695368359375,0.0,0.0,0.0,-0.649999999999995,0.41625698187500004,-0.5780051793583433,0.6508517929599543
S4,S4_004_Prisoners_Dilemma_emotional_vs_rational,emotional-neutral-neutral__vs__rational,Prisoners Dilemma,paper,67,20260436,-0.5,-0.0625,-0.00043234422929183566,0.4250000000000001,0.48125,0.0,0.0,0.0,-0.6499999999999998,-0.09999999999999998,-0.6329571129609495,-0.8562049317691225,-0.5,0.27718330999999996,-0.001551801971257058,0.4250000000000025,0.5695368359375,0.0,0.0,0.0,-0.649999999999995,0.41625698187500004,-0.5780051793583433,0.6508517929599543
S4,S4_004_Prisoners_Dilemma_emotional_vs_rational,emotional-neutral-neutral__vs__rational,Prisoners Dilemma,paper,68,20260437,-0.5,-0.0625,-0.00043234422929183566,0.4250000000000001,0.48125,0.0,0.0,0.0,-0.6499999999999998,-0.09999999999999998,-0.6329571129609495,-0.8562049317691225,-0.5,0.27718330999999996,-0.001551801971257058,0.4250000000000025,0.5695368359375,0.0,0.0,0.0,-0.649999999999995,0.41625698187500004,-0.5780051793583433,0.6508517929599543
S4,S4_004_Prisoners_Dilemma_emotional_vs_rational,emotional-neutral-neutral__vs__rational,Prisoners Dilemma,paper,69,20260438,-0.5,-0.0625,-0.00043234422929183566,0.4250000000000001,0.48125,0.0,0.0,0.0,-0.6499999999999998,-0.09999999999999998,-0.6329571129609495,-0.8562049317691225,-0.5,0.27718330999999996,-0.001551801971257058,0.4250000000000025,0.5695368359375,0.0,0.0,0.0,-0.649999999999995,0.41625698187500004,-0.5780051793583433,0.6508517929599543
S4,S4_004_Prisoners_Dilemma_emotional_vs_rational,emotional-neutral-neutral__vs__rational,Prisoners Dilemma,paper,70,20260439,-0.5,-0.0625,-0.00043234422929183566,0.4250000000000001,0.48125,0.0,0.0,0.0,-0.6499999999999998,-0.09999999999999998,-0.6329571129609495,-0.8562049317691225,-0.5,0.27718330999999996,-0.001551801971257058,0.4250000000000025,0.5695368359375,0.0,0.0,0.0,-0.649999999999995,0.41625698187500004,-0.5780051793583433,0.6508517929599543
S4,S4_004_Prisoners_Dilemma_emotional_vs_rational,emotional-neutral-neutral__vs__rational,Prisoners Dilemma,paper,71,20260440,-0.5,-0.0625,-0.00043234422929183566,0.4250000000000001,0.48125,0.0,0.0,0.0,-0.6499999999999998,-0.09999999999999998,-0.6329571129609495,-0.8562049317691225,-0.5,0.27718330999999996,-0.001551801971257058,0.4250000000000025,0.5695368359375,0.0,0.0,0.0,-0.649999999999995,0.41625698187500004,-0.5780051793583433,0.6508517929599543
S4,S4_004_Prisoners_Dilemma_emotional_vs_rational,emotional-neutral-neutral__vs__rational,Prisoners Dilemma,paper,72,20260441,-0.5,-0.0625,-0.00043234422929183566,0.4250000000000001,0.48125,0.0,0.0,0.0,-0.6499999999999998,-0.09999999999999998,-0.6329571129609495,-0.8562049317691225,-0.5,0.27718330999999996,-0.001551801971257058,0.4250000000000025,0.5695368359375,0.0,0.0,0.0,-0.649999999999995,0.41625698187500004,-0.5780051793583433,0.6508517929599543
S4,S4_004_Prisoners_Dilemma_emotional_vs_rational,emotional-neutral-neutral__vs__rational,Prisoners Dilemma,paper,73,20260442,-0.5,-0.0625,-0.00043234422929183566,0.4250000000000001,0.48125,0.0,0.0,0.0,-0.6499999999999998,-0.09999999999999998,-0.6329571129609495,-0.8562049317691225,-0.5,0.27718330999999996,-0.001551801971257058,0.4250000000000025,0.5695368359375,0.0,0.0,0.0,-0.649999999999995,0.41625698187500004,-0.5780051793583433,0.6508517929599543
S4,S4_004_Prisoners_Dilemma_emotional_vs_rational,emotional-neutral-neutral__vs__rational,Prisoners Dilemma,paper,74,20260443,-0.5,-0.0625,-0.00043234422929183566,0.4250000000000001,0.48125,0.0,0.0,0.0,-0.6499999999999998,-0.09999999999999998,-0.6329571129609495,-0.8562049317691225,-0.5,0.27718330999999996,-0.001551801971257058,0.4250000000000025,0.5695368359375,0.0,0.0,0.0,-0.649999999999995,0.41625698187500004,-0.5780051793583433,0.6508517929599543
S4,S4_004_Prisoners_Dilemma_emotional_vs_rational,emotional-neutral-neutral__vs__rational,Prisoners Dilemma,paper,75,20260444,-0.5,-0.0625,-0.00043234422929183566,0.4250000000000001,0.48125,0.0,0.0,0.0,-0.6499999999999998,-0.09999999999999998,-0.6329571129609495,-0.8562049317691225,-0.5,0.27718330999999996,-0.001551801971257058,0.4250000000000025,0.5695368359375,0.0,0.0,0.0,-0.649999999999995,0.41625698187500004,-0.5780051793583433,0.6508517929599543
S4,S4_004_Prisoners_Dilemma_emotional_vs_rational,emotional-neutral-neutral__vs__rational,Prisoners Dilemma,paper,76,20260445,-0.5,-0.0625,-0.00043234422929183566,0.4250000000000001,0.48125,0.0,0.0,0.0,-0.6499999999999998,-0.09999999999999998,-0.6329571129609495,-0.8562049317691225,-0.5,0.27718330999999996,-0.001551801971257058,0.4250000000000025,0.5695368359375,0.0,0.0,0.0,-0.649999999999995,0.41625698187500004,-0.5780051793583433,0.6508517929599543
S4,S4_004_Prisoners_Dilemma_emotional_vs_rational,emotional-neutral-neutral__vs__rational,Prisoners Dilemma,paper,77,20260446,-0.5,-0.0625,-0.00043234422929183566,0.4250000000000001,0.48125,0.0,0.0,0.0,-0.6499999999999998,-0.09999999999999998,-0.6329571129609495,-0.8562049317691225,-0.5,0.27718330999999996,-0.001551801971257058,0.4250000000000025,0.5695368359375,0.0,0.0,0.0,-0.649999999999995,0.41625698187500004,-0.5780051793583433,0.6508517929599543
S4,S4_004_Prisoners_Dilemma_emotional_vs_rational,emotional-neutral-neutral__vs__rational,Prisoners Dilemma,paper,78,20260447,-0.5,-0.0625,-0.00043234422929183566,0.4250000000000001,0.48125,0.0,0.0,0.0,-0.6499999999999998,-0.09999999999999998,-0.6329571129609495,-0.8562049317691225,-0.5,0.27718330999999996,-0.001551801971257058,0.4250000000000025,0.5695368359375,0.0,0.0,0.0,-0.649999999999995,0.41625698187500004,-0.5780051793583433,0.6508517929599543
S4,S4_004_Prisoners_Dilemma_emotional_vs_rational,emotional-neutral-neutral__vs__rational,Prisoners Dilemma,paper,79,20260448,-0.5,-0.0625,-0.00043234422929183566,0.4250000000000001,0.48125,0.0,0.0,0.0,-0.6499999999999998,-0.09999999999999998,-0.6329571129609495,-0.8562049317691225,-0.5,0.27718330999999996,-0.001551801971257058,0.4250000000000025,0.5695368359375,0.0,0.0,0.0,-0.649999999999995,0.41625698187500004,-0.5780051793583433,0.6508517929599543
S4,S4_004_Prisoners_Dilemma_emotional_vs_rational,emotional-neutral-neutral__vs__rational,Prisoners Dilemma,paper,80,20260449,-0.5,-0.0625,-0.00043234422929183566,0.4250000000000001,0.48125,0.0,0.0,0.0,-0.6499999999999998,-0.09999999999999998,-0.6329571129609495,-0.8562049317691225,-0.5,0.27718330999999996,-0.001551801971257058,0.4250000000000025,0.5695368359375,0.0,0.0,0.0,-0.649999999999995,0.41625698187500004,-0.5780051793583433,0.6508517929599543
S4,S4_005_Battle_of_Sexes_hybrid_vs_rational,hybrid-neutral-neutral__vs__rational,Battle of Sexes,paper,81,20260430,-0.5,-0.0625,-0.00030682144739643607,0.37500000000000094,0.48125,0.0,0.0,0.0,-0.7499999999999981,-0.09999999999999998,-0.7323522749348269,,-0.5,-0.0625,-0.00030682144739643607,0.37500000000000094,0.48125,0.0,0.0,0.0,-0.7499999999999981,-0.09999999999999998,-0.7323522749348269,
S4,S4_005_Battle_of_Sexes_hybrid_vs_rational,hybrid-neutral-neutral__vs__rational,Battle of Sexes,paper,82,20260431,-0.5,-0.0625,-0.00030682144739643607,0.37500000000000094,0.48125,0.0,0.0,0.0,-0.7499999999999981,-0.09999999999999998,-0.7323522749348269,,-0.5,-0.0625,-0.00030682144739643607,0.37500000000000094,0.48125,0.0,0.0,0.0,-0.7499999999999981,-0.09999999999999998,-0.7323522749348269,
S4,S4_005_Battle_of_Sexes_hybrid_vs_rational,hybrid-neutral-neutral__vs__rational,Battle of Sexes,paper,83,20260432,-0.5,-0.0625,-0.00030682144739643607,0.37500000000000094,0.48125,0.0,0.0,0.0,-0.7499999999999981,-0.09999999999999998,-0.7323522749348269,,-0.5,-0.0625,-0.00030682144739643607,0.37500000000000094,0.48125,0.0,0.0,0.0,-0.7499999999999981,-0.09999999999999998,-0.7323522749348269,
S4,S4_005_Battle_of_Sexes_hybrid_vs_rational,hybrid-neutral-neutral__vs__rational,Battle of Sexes,paper,84,20260433,-0.5,-0.0625,-0.00030682144739643607,0.37500000000000094,0.48125,0.0,0.0,0.0,-0.7499999999999981,-0.09999999999999998,-0.7323522749348269,,-0.5,-0.0625,-0.00030682144739643607,0.37500000000000094,0.48125,0.0,0.0,0.0,-0.7499999999999981,-0.09999999999999998,-0.7323522749348269,
S4,S4_005_Battle_of_Sexes_hybrid_vs_rational,hybrid-neutral-neutral__vs__rational,Battle of Sexes,paper,85,20260434,-0.5,-0.0625,-0.00030682144739643607,0.37500000000000094,0.48125,0.0,0.0,0.0,-0.7499999999999981,-0.09999999999999998,-0.7323522749348269,,-0.5,-0.0625,-0.00030682144739643607,0.37500000000000094,0.48125,0.0,0.0,0.0,-0.7499999999999981,-0.09999999999999998,-0.7323522749348269,
S4,S4_005_Battle_of_Sexes_hybrid_vs_rational,hybrid-neutral-neutral__vs__rational,Battle of Sexes,paper,86,20260435,-0.5,-0.0625,-0.00030682144739643607,0.37500000000000094,0.48125,0.0,0.0,0.0,-0.7499999999999981,-0.09999999999999998,-0.7323522749348269,,-0.5,-0.0625,-0.00030682144739643607,0.37500000000000094,0.48125,0.0,0.0,0.0,-0.7499999999999981,-0.09999999999999998,-0.7323522749348269,
S4,S4_005_Battle_of_Sexes_hybrid_vs_rational,hybrid-neutral-neutral__vs__rational,Battle of Sexes,paper,87,20260436,-0.5,-0.0625,-0.00030682144739643607,0.37500000000000094,0.48125,0.0,0.0,0.0,-0.7499999999999981,-0.09999999999999998,-0.7323522749348269,,-0.5,-0.0625,-0.00030682144739643607,0.37500000000000094,0.48125,0.0,0.0,0.0,-0.7499999999999981,-0.09999999999999998,-0.7323522749348269,
S4,S4_005_Battle_of_Sexes_hybrid_vs_rational,hybrid-neutral-neutral__vs__rational,Battle of Sexes,paper,88,20260437,-0.5,-0.0625,-0.00030682144739643607,0.37500000000000094,0.48125,0.0,0.0,0.0,-0.7499999999999981,-0.09999999999999998,-0.7323522749348269,,-0.5,-0.0625,-0.00030682144739643607,0.37500000000000094,0.48125,0.0,0.0,0.0,-0.7499999999999981,-0.09999999999999998,-0.7323522749348269,
S4,S4_005_Battle_of_Sexes_hybrid_vs_rational,hybrid-neutral-neutral__vs__rational,Battle of Sexes,paper,89,20260438,-0.5,-0.0625,-0.00030682144739643607,0.37500000000000094,0.48125,0.0,0.0,0.0,-0.7499999999999981,-0.09999999999999998,-0.7323522749348269,,-0.5,-0.0625,-0.00030682144739643607,0.37500000000000094,0.48125,0.0,0.0,0.0,-0.7499999999999981,-0.09999999999999998,-0.7323522749348269,
S4,S4_005_Battle_of_Sexes_hybrid_vs_rational,hybrid-neutral-neutral__vs__rational,Battle of Sexes,paper,90,20260439,-0.5,-0.0625,-0.00030682144739643607,0.37500000000000094,0.48125,0.0,0.0,0.0,-0.7499999999999981,-0.09999999999999998,-0.7323522749348269,,-0.5,-0.0625,-0.00030682144739643607,0.37500000000000094,0.48125,0.0,0.0,0.0,-0.7499999999999981,-0.09999999999999998,-0.7323522749348269,
S4,S4_005_Battle_of_Sexes_hybrid_vs_rational,hybrid-neutral-neutral__vs__rational,Battle of Sexes,paper,91,20260440,-0.5,-0.0625,-0.00030682144739643607,0.37500000000000094,0.48125,0.0,0.0,0.0,-0.7499999999999981,-0.09999999999999998,-0.7323522749348269,,-0.5,-0.0625,-0.00030682144739643607,0.37500000000000094,0.48125,0.0,0.0,0.0,-0.7499999999999981,-0.09999999999999998,-0.7323522749348269,
S4,S4_005_Battle_of_Sexes_hybrid_vs_rational,hybrid-neutral-neutral__vs__rational,Battle of Sexes,paper,92,20260441,-0.5,-0.0625,-0.00030682144739643607,0.37500000000000094,0.48125,0.0,0.0,0.0,-0.7499999999999981,-0.09999999999999998,-0.7323522749348269,,-0.5,-0.0625,-0.00030682144739643607,0.37500000000000094,0.48125,0.0,0.0,0.0,-0.7499999999999981,-0.09999999999999998,-0.7323522749348269,
S4,S4_005_Battle_of_Sexes_hybrid_vs_rational,hybrid-neutral-neutral__vs__rational,Battle of Sexes,paper,93,20260442,-0.5,-0.0625,-0.00030682144739643607,0.37500000000000094,0.48125,0.0,0.0,0.0,-0.7499999999999981,-0.09999999999999998,-0.7323522749348269,,-0.5,-0.0625,-0.00030682144739643607,0.37500000000000094,0.48125,0.0,0.0,0.0,-0.7499999999999981,-0.09999999999999998,-0.7323522749348269,
S4,S4_005_Battle_of_Sexes_hybrid_vs_rational,hybrid-neutral-neutral__vs__rational,Battle of Sexes,paper,94,20260443,-0.5,-0.0625,-0.00030682144739643607,0.37500000000000094,0.48125,0.0,0.0,0.0,-0.7499999999999981,-0.09999999999999998,-0.7323522749348269,,-0.5,-0.0625,-0.00030682144739643607,0.37500000000000094,0.48125,0.0,0.0,0.0,-0.7499999999999981,-0.09999999999999998,-0.7323522749348269,
S4,S4_005_Battle_of_Sexes_hybrid_vs_rational,hybrid-neutral-neutral__vs__rational,Battle of Sexes,paper,95,20260444,-0.5,-0.0625,-0.00030682144739643607,0.37500000000000094,0.48125,0.0,0.0,0.0,-0.7499999999999981,-0.09999999999999998,-0.7323522749348269,,-0.5,-0.0625,-0.00030682144739643607,0.37500000000000094,0.48125,0.0,0.0,0.0,-0.7499999999999981,-0.09999999999999998,-0.7323522749348269,
S4,S4_005_Battle_of_Sexes_hybrid_vs_rational,hybrid-neutral-neutral__vs__rational,Battle of Sexes,paper,96,20260445,-0.5,-0.0625,-0.00030682144739643607,0.37500000000000094,0.48125,0.0,0.0,0.0,-0.7499999999999981,-0.09999999999999998,-0.7323522749348269,,-0.5,-0.0625,-0.00030682144739643607,0.37500000000000094,0.48125,0.0,0.0,0.0,-0.7499999999999981,-0.09999999999999998,-0.7323522749348269,
S4,S4_005_Battle_of_Sexes_hybrid_vs_rational,hybrid-neutral-neutral__vs__rational,Battle of Sexes,paper,97,20260446,-0.5,-0.0625,-0.00030682144739643607,0.37500000000000094,0.48125,0.0,0.0,0.0,-0.7499999999999981,-0.09999999999999998,-0.7323522749348269,,-0.5,-0.0625,-0.00030682144739643607,0.37500000000000094,0.48125,0.0,0.0,0.0,-0.7499999999999981,-0.09999999999999998,-0.7323522749348269,
S4,S4_005_Battle_of_Sexes_hybrid_vs_rational,hybrid-neutral-neutral__vs__rational,Battle of Sexes,paper,98,20260447,-0.5,-0.0625,-0.00030682144739643607,0.37500000000000094,0.48125,0.0,0.0,0.0,-0.7499999999999981,-0.09999999999999998,-0.7323522749348269,,-0.5,-0.0625,-0.00030682144739643607,0.37500000000000094,0.48125,0.0,0.0,0.0,-0.7499999999999981,-0.09999999999999998,-0.7323522749348269,
S4,S4_005_Battle_of_Sexes_hybrid_vs_rational,hybrid-neutral-neutral__vs__rational,Battle of Sexes,paper,99,20260448,-0.5,-0.0625,-0.00030682144739643607,0.37500000000000094,0.48125,0.0,0.0,0.0,-0.7499999999999981,-0.09999999999999998,-0.7323522749348269,,-0.5,-0.0625,-0.00030682144739643607,0.37500000000000094,0.48125,0.0,0.0,0.0,-0.7499999999999981,-0.09999999999999998,-0.7323522749348269,
S4,S4_005_Battle_of_Sexes_hybrid_vs_rational,hybrid-neutral-neutral__vs__rational,Battle of Sexes,paper,100,20260449,-0.5,-0.0625,-0.00030682144739643607,0.37500000000000094,0.48125,0.0,0.0,0.0,-0.7499999999999981,-0.09999999999999998,-0.7323522749348269,,-0.5,-0.0625,-0.00030682144739643607,0.37500000000000094,0.48125,0.0,0.0,0.0,-0.7499999999999981,-0.09999999999999998,-0.7323522749348269,
S4,S4_006_Battle_of_Sexes_hybrid_vs_always_defect,hybrid-neutral-neutral__vs__fixed-always_defect,Battle of Sexes,paper,101,20260430,-0.5,-0.0625,-0.00030682144739643607,0.37500000000000094,0.48125,0.0,0.0,0.0,-0.7499999999999981,-0.09999999999999998,-0.7323522749348269,,-0.5,-0.0625,-0.00030682144739643607,0.37500000000000094,0.48125,0.0,0.0,0.0,-0.7499999999999981,-0.09999999999999998,-0.7323522749348269,
S4,S4_006_Battle_of_Sexes_hybrid_vs_always_defect,hybrid-neutral-neutral__vs__fixed-always_defect,Battle of Sexes,paper,102,20260431,-0.5,-0.0625,-0.00030682144739643607,0.37500000000000094,0.48125,0.0,0.0,0.0,-0.7499999999999981,-0.09999999999999998,-0.7323522749348269,,-0.5,-0.0625,-0.00030682144739643607,0.37500000000000094,0.48125,0.0,0.0,0.0,-0.7499999999999981,-0.09999999999999998,-0.7323522749348269,
S4,S4_006_Battle_of_Sexes_hybrid_vs_always_defect,hybrid-neutral-neutral__vs__fixed-always_defect,Battle of Sexes,paper,103,20260432,-0.5,-0.0625,-0.00030682144739643607,0.37500000000000094,0.48125,0.0,0.0,0.0,-0.7499999999999981,-0.09999999999999998,-0.7323522749348269,,-0.5,-0.0625,-0.00030682144739643607,0.37500000000000094,0.48125,0.0,0.0,0.0,-0.7499999999999981,-0.09999999999999998,-0.7323522749348269,
S4,S4_006_Battle_of_Sexes_hybrid_vs_always_defect,hybrid-neutral-neutral__vs__fixed-always_defect,Battle of Sexes,paper,104,20260433,-0.5,-0.0625,-0.00030682144739643607,0.37500000000000094,0.48125,0.0,0.0,0.0,-0.7499999999999981,-0.09999999999999998,-0.7323522749348269,,-0.5,-0.0625,-0.00030682144739643607,0.37500000000000094,0.48125,0.0,0.0,0.0,-0.7499999999999981,-0.09999999999999998,-0.7323522749348269,
S4,S4_006_Battle_of_Sexes_hybrid_vs_always_defect,hybrid-neutral-neutral__vs__fixed-always_defect,Battle of Sexes,paper,105,20260434,-0.5,-0.0625,-0.00030682144739643607,0.37500000000000094,0.48125,0.0,0.0,0.0,-0.7499999999999981,-0.09999999999999998,-0.7323522749348269,,-0.5,-0.0625,-0.00030682144739643607,0.37500000000000094,0.48125,0.0,0.0,0.0,-0.7499999999999981,-0.09999999999999998,-0.7323522749348269,
S4,S4_006_Battle_of_Sexes_hybrid_vs_always_defect,hybrid-neutral-neutral__vs__fixed-always_defect,Battle of Sexes,paper,106,20260435,-0.5,-0.0625,-0.00030682144739643607,0.37500000000000094,0.48125,0.0,0.0,0.0,-0.7499999999999981,-0.09999999999999998,-0.7323522749348269,,-0.5,-0.0625,-0.00030682144739643607,0.37500000000000094,0.48125,0.0,0.0,0.0,-0.7499999999999981,-0.09999999999999998,-0.7323522749348269,
S4,S4_006_Battle_of_Sexes_hybrid_vs_always_defect,hybrid-neutral-neutral__vs__fixed-always_defect,Battle of Sexes,paper,107,20260436,-0.5,-0.0625,-0.00030682144739643607,0.37500000000000094,0.48125,0.0,0.0,0.0,-0.7499999999999981,-0.09999999999999998,-0.7323522749348269,,-0.5,-0.0625,-0.00030682144739643607,0.37500000000000094,0.48125,0.0,0.0,0.0,-0.7499999999999981,-0.09999999999999998,-0.7323522749348269,
S4,S4_006_Battle_of_Sexes_hybrid_vs_always_defect,hybrid-neutral-neutral__vs__fixed-always_defect,Battle of Sexes,paper,108,20260437,-0.5,-0.0625,-0.00030682144739643607,0.37500000000000094,0.48125,0.0,0.0,0.0,-0.7499999999999981,-0.09999999999999998,-0.7323522749348269,,-0.5,-0.0625,-0.00030682144739643607,0.37500000000000094,0.48125,0.0,0.0,0.0,-0.7499999999999981,-0.09999999999999998,-0.7323522749348269,
S4,S4_006_Battle_of_Sexes_hybrid_vs_always_defect,hybrid-neutral-neutral__vs__fixed-always_defect,Battle of Sexes,paper,109,20260438,-0.5,-0.0625,-0.00030682144739643607,0.37500000000000094,0.48125,0.0,0.0,0.0,-0.7499999999999981,-0.09999999999999998,-0.7323522749348269,,-0.5,-0.0625,-0.00030682144739643607,0.37500000000000094,0.48125,0.0,0.0,0.0,-0.7499999999999981,-0.09999999999999998,-0.7323522749348269,
S4,S4_006_Battle_of_Sexes_hybrid_vs_always_defect,hybrid-neutral-neutral__vs__fixed-always_defect,Battle of Sexes,paper,110,20260439,-0.5,-0.0625,-0.00030682144739643607,0.37500000000000094,0.48125,0.0,0.0,0.0,-0.7499999999999981,-0.09999999999999998,-0.7323522749348269,,-0.5,-0.0625,-0.00030682144739643607,0.37500000000000094,0.48125,0.0,0.0,0.0,-0.7499999999999981,-0.09999999999999998,-0.7323522749348269,
S4,S4_006_Battle_of_Sexes_hybrid_vs_always_defect,hybrid-neutral-neutral__vs__fixed-always_defect,Battle of Sexes,paper,111,20260440,-0.5,-0.0625,-0.00030682144739643607,0.37500000000000094,0.48125,0.0,0.0,0.0,-0.7499999999999981,-0.09999999999999998,-0.7323522749348269,,-0.5,-0.0625,-0.00030682144739643607,0.37500000000000094,0.48125,0.0,0.0,0.0,-0.7499999999999981,-0.09999999999999998,-0.7323522749348269,
S4,S4_006_Battle_of_Sexes_hybrid_vs_always_defect,hybrid-neutral-neutral__vs__fixed-always_defect,Battle of Sexes,paper,112,20260441,-0.5,-0.0625,-0.00030682144739643607,0.37500000000000094,0.48125,0.0,0.0,0.0,-0.7499999999999981,-0.09999999999999998,-0.7323522749348269,,-0.5,-0.0625,-0.00030682144739643607,0.37500000000000094,0.48125,0.0,0.0,0.0,-0.7499999999999981,-0.09999999999999998,-0.7323522749348269,
S4,S4_006_Battle_of_Sexes_hybrid_vs_always_defect,hybrid-neutral-neutral__vs__fixed-always_defect,Battle of Sexes,paper,113,20260442,-0.5,-0.0625,-0.00030682144739643607,0.37500000000000094,0.48125,0.0,0.0,0.0,-0.7499999999999981,-0.09999999999999998,-0.7323522749348269,,-0.5,-0.0625,-0.00030682144739643607,0.37500000000000094,0.48125,0.0,0.0,0.0,-0.7499999999999981,-0.09999999999999998,-0.7323522749348269,
S4,S4_006_Battle_of_Sexes_hybrid_vs_always_defect,hybrid-neutral-neutral__vs__fixed-always_defect,Battle of Sexes,paper,114,20260443,-0.5,-0.0625,-0.00030682144739643607,0.37500000000000094,0.48125,0.0,0.0,0.0,-0.7499999999999981,-0.09999999999999998,-0.7323522749348269,,-0.5,-0.0625,-0.00030682144739643607,0.37500000000000094,0.48125,0.0,0.0,0.0,-0.7499999999999981,-0.09999999999999998,-0.7323522749348269,
S4,S4_006_Battle_of_Sexes_hybrid_vs_always_defect,hybrid-neutral-neutral__vs__fixed-always_defect,Battle of Sexes,paper,115,20260444,-0.5,-0.0625,-0.00030682144739643607,0.37500000000000094,0.48125,0.0,0.0,0.0,-0.7499999999999981,-0.09999999999999998,-0.7323522749348269,,-0.5,-0.0625,-0.00030682144739643607,0.37500000000000094,0.48125,0.0,0.0,0.0,-0.7499999999999981,-0.09999999999999998,-0.7323522749348269,
S4,S4_006_Battle_of_Sexes_hybrid_vs_always_defect,hybrid-neutral-neutral__vs__fixed-always_defect,Battle of Sexes,paper,116,20260445,-0.5,-0.0625,-0.00030682144739643607,0.37500000000000094,0.48125,0.0,0.0,0.0,-0.7499999999999981,-0.09999999999999998,-0.7323522749348269,,-0.5,-0.0625,-0.00030682144739643607,0.37500000000000094,0.48125,0.0,0.0,0.0,-0.7499999999999981,-0.09999999999999998,-0.7323522749348269,
S4,S4_006_Battle_of_Sexes_hybrid_vs_always_defect,hybrid-neutral-neutral__vs__fixed-always_defect,Battle of Sexes,paper,117,20260446,-0.5,-0.0625,-0.00030682144739643607,0.37500000000000094,0.48125,0.0,0.0,0.0,-0.7499999999999981,-0.09999999999999998,-0.7323522749348269,,-0.5,-0.0625,-0.00030682144739643607,0.37500000000000094,0.48125,0.0,0.0,0.0,-0.7499999999999981,-0.09999999999999998,-0.7323522749348269,
S4,S4_006_Battle_of_Sexes_hybrid_vs_always_defect,hybrid-neutral-neutral__vs__fixed-always_defect,Battle of Sexes,paper,118,20260447,-0.5,-0.0625,-0.00030682144739643607,0.37500000000000094,0.48125,0.0,0.0,0.0,-0.7499999999999981,-0.09999999999999998,-0.7323522749348269,,-0.5,-0.0625,-0.00030682144739643607,0.37500000000000094,0.48125,0.0,0.0,0.0,-0.7499999999999981,-0.09999999999999998,-0.7323522749348269,
S4,S4_006_Battle_of_Sexes_hybrid_vs_always_defect,hybrid-neutral-neutral__vs__fixed-always_defect,Battle of Sexes,paper,119,20260448,-0.5,-0.0625,-0.00030682144739643607,0.37500000000000094,0.48125,0.0,0.0,0.0,-0.7499999999999981,-0.09999999999999998,-0.7323522749348269,,-0.5,-0.0625,-0.00030682144739643607,0.37500000000000094,0.48125,0.0,0.0,0.0,-0.7499999999999981,-0.09999999999999998,-0.7323522749348269,
S4,S4_006_Battle_of_Sexes_hybrid_vs_always_defect,hybrid-neutral-neutral__vs__fixed-always_defect,Battle of Sexes,paper,120,20260449,-0.5,-0.0625,-0.00030682144739643607,0.37500000000000094,0.48125,0.0,0.0,0.0,-0.7499999999999981,-0.09999999999999998,-0.7323522749348269,,-0.5,-0.0625,-0.00030682144739643607,0.37500000000000094,0.48125,0.0,0.0,0.0,-0.7499999999999981,-0.09999999999999998,-0.7323522749348269,
S4,S4_007_Battle_of_Sexes_hybrid_vs_tit_for_tat,hybrid-neutral-neutral__vs__fixed-tit_for_tat,Battle of Sexes,paper,121,20260430,0.012499999999999997,0.20833245364368258,0.0004104466904244758,0.50375,0.5249999999999997,0.0,0.0,0.0,0.02000000000000006,0.25833245364368196,0.24059729113124453,,-0.20833245364368258,-0.012499999999999997,-0.0004104466904244758,0.4750000000000002,0.49624999999999997,0.0,0.0,0.0,-0.2583324536436822,-0.02000000000000006,-0.2405972911312447,
S4,S4_007_Battle_of_Sexes_hybrid_vs_tit_for_tat,hybrid-neutral-neutral__vs__fixed-tit_for_tat,Battle of Sexes,paper,122,20260431,0.012499999999999997,0.20833245364368258,0.0004104466904244758,0.50375,0.5249999999999997,0.0,0.0,0.0,0.02000000000000006,0.25833245364368196,0.24059729113124453,,-0.20833245364368258,-0.012499999999999997,-0.0004104466904244758,0.4750000000000002,0.49624999999999997,0.0,0.0,0.0,-0.2583324536436822,-0.02000000000000006,-0.2405972911312447,
S4,S4_007_Battle_of_Sexes_hybrid_vs_tit_for_tat,hybrid-neutral-neutral__vs__fixed-tit_for_tat,Battle of Sexes,paper,123,20260432,0.012499999999999997,0.20833245364368258,0.0004104466904244758,0.50375,0.5249999999999997,0.0,0.0,0.0,0.02000000000000006,0.25833245364368196,0.24059729113124453,,-0.20833245364368258,-0.012499999999999997,-0.0004104466904244758,0.4750000000000002,0.49624999999999997,0.0,0.0,0.0,-0.2583324536436822,-0.02000000000000006,-0.2405972911312447,
S4,S4_007_Battle_of_Sexes_hybrid_vs_tit_for_tat,hybrid-neutral-neutral__vs__fixed-tit_for_tat,Battle of Sexes,paper,124,20260433,0.012499999999999997,0.20833245364368258,0.0004104466904244758,0.50375,0.5249999999999997,0.0,0.0,0.0,0.02000000000000006,0.25833245364368196,0.24059729113124453,,-0.20833245364368258,-0.012499999999999997,-0.0004104466904244758,0.4750000000000002,0.49624999999999997,0.0,0.0,0.0,-0.2583324536436822,-0.02000000000000006,-0.2405972911312447,
S4,S4_007_Battle_of_Sexes_hybrid_vs_tit_for_tat,hybrid-neutral-neutral__vs__fixed-tit_for_tat,Battle of Sexes,paper,125,20260434,0.012499999999999997,0.20833245364368258,0.0004104466904244758,0.50375,0.5249999999999997,0.0,0.0,0.0,0.02000000000000006,0.25833245364368196,0.24059729113124453,,-0.20833245364368258,-0.012499999999999997,-0.0004104466904244758,0.4750000000000002,0.49624999999999997,0.0,0.0,0.0,-0.2583324536436822,-0.02000000000000006,-0.2405972911312447,
S4,S4_007_Battle_of_Sexes_hybrid_vs_tit_for_tat,hybrid-neutral-neutral__vs__fixed-tit_for_tat,Battle of Sexes,paper,126,20260435,0.012499999999999997,0.20833245364368258,0.0004104466904244758,0.50375,0.5249999999999997,0.0,0.0,0.0,0.02000000000000006,0.25833245364368196,0.24059729113124453,,-0.20833245364368258,-0.012499999999999997,-0.0004104466904244758,0.4750000000000002,0.49624999999999997,0.0,0.0,0.0,-0.2583324536436822,-0.02000000000000006,-0.2405972911312447,
S4,S4_007_Battle_of_Sexes_hybrid_vs_tit_for_tat,hybrid-neutral-neutral__vs__fixed-tit_for_tat,Battle of Sexes,paper,127,20260436,0.012499999999999997,0.20833245364368258,0.0004104466904244758,0.50375,0.5249999999999997,0.0,0.0,0.0,0.02000000000000006,0.25833245364368196,0.24059729113124453,,-0.20833245364368258,-0.012499999999999997,-0.0004104466904244758,0.4750000000000002,0.49624999999999997,0.0,0.0,0.0,-0.2583324536436822,-0.02000000000000006,-0.2405972911312447,
S4,S4_007_Battle_of_Sexes_hybrid_vs_tit_for_tat,hybrid-neutral-neutral__vs__fixed-tit_for_tat,Battle of Sexes,paper,128,20260437,0.012499999999999997,0.20833245364368258,0.0004104466904244758,0.50375,0.5249999999999997,0.0,0.0,0.0,0.02000000000000006,0.25833245364368196,0.24059729113124453,,-0.20833245364368258,-0.012499999999999997,-0.0004104466904244758,0.4750000000000002,0.49624999999999997,0.0,0.0,0.0,-0.2583324536436822,-0.02000000000000006,-0.2405972911312447,
S4,S4_007_Battle_of_Sexes_hybrid_vs_tit_for_tat,hybrid-neutral-neutral__vs__fixed-tit_for_tat,Battle of Sexes,paper,129,20260438,0.012499999999999997,0.20833245364368258,0.0004104466904244758,0.50375,0.5249999999999997,0.0,0.0,0.0,0.02000000000000006,0.25833245364368196,0.24059729113124453,,-0.20833245364368258,-0.012499999999999997,-0.0004104466904244758,0.4750000000000002,0.49624999999999997,0.0,0.0,0.0,-0.2583324536436822,-0.02000000000000006,-0.2405972911312447,
S4,S4_007_Battle_of_Sexes_hybrid_vs_tit_for_tat,hybrid-neutral-neutral__vs__fixed-tit_for_tat,Battle of Sexes,paper,130,20260439,0.012499999999999997,0.20833245364368258,0.0004104466904244758,0.50375,0.5249999999999997,0.0,0.0,0.0,0.02000000000000006,0.25833245364368196,0.24059729113124453,,-0.20833245364368258,-0.012499999999999997,-0.0004104466904244758,0.4750000000000002,0.49624999999999997,0.0,0.0,0.0,-0.2583324536436822,-0.02000000000000006,-0.2405972911312447,
S4,S4_007_Battle_of_Sexes_hybrid_vs_tit_for_tat,hybrid-neutral-neutral__vs__fixed-tit_for_tat,Battle of Sexes,paper,131,20260440,0.012499999999999997,0.20833245364368258,0.0004104466904244758,0.50375,0.5249999999999997,0.0,0.0,0.0,0.02000000000000006,0.25833245364368196,0.24059729113124453,,-0.20833245364368258,-0.012499999999999997,-0.0004104466904244758,0.4750000000000002,0.49624999999999997,0.0,0.0,0.0,-0.2583324536436822,-0.02000000000000006,-0.2405972911312447,
S4,S4_007_Battle_of_Sexes_hybrid_vs_tit_for_tat,hybrid-neutral-neutral__vs__fixed-tit_for_tat,Battle of Sexes,paper,132,20260441,0.012499999999999997,0.20833245364368258,0.0004104466904244758,0.50375,0.5249999999999997,0.0,0.0,0.0,0.02000000000000006,0.25833245364368196,0.24059729113124453,,-0.20833245364368258,-0.012499999999999997,-0.0004104466904244758,0.4750000000000002,0.49624999999999997,0.0,0.0,0.0,-0.2583324536436822,-0.02000000000000006,-0.2405972911312447,
S4,S4_007_Battle_of_Sexes_hybrid_vs_tit_for_tat,hybrid-neutral-neutral__vs__fixed-tit_for_tat,Battle of Sexes,paper,133,20260442,0.012499999999999997,0.20833245364368258,0.0004104466904244758,0.50375,0.5249999999999997,0.0,0.0,0.0,0.02000000000000006,0.25833245364368196,0.24059729113124453,,-0.20833245364368258,-0.012499999999999997,-0.0004104466904244758,0.4750000000000002,0.49624999999999997,0.0,0.0,0.0,-0.2583324536436822,-0.02000000000000006,-0.2405972911312447,
S4,S4_007_Battle_of_Sexes_hybrid_vs_tit_for_tat,hybrid-neutral-neutral__vs__fixed-tit_for_tat,Battle of Sexes,paper,134,20260443,0.012499999999999997,0.20833245364368258,0.0004104466904244758,0.50375,0.5249999999999997,0.0,0.0,0.0,0.02000000000000006,0.25833245364368196,0.24059729113124453,,-0.20833245364368258,-0.012499999999999997,-0.0004104466904244758,0.4750000000000002,0.49624999999999997,0.0,0.0,0.0,-0.2583324536436822,-0.02000000000000006,-0.2405972911312447,
S4,S4_007_Battle_of_Sexes_hybrid_vs_tit_for_tat,hybrid-neutral-neutral__vs__fixed-tit_for_tat,Battle of Sexes,paper,135,20260444,0.012499999999999997,0.20833245364368258,0.0004104466904244758,0.50375,0.5249999999999997,0.0,0.0,0.0,0.02000000000000006,0.25833245364368196,0.24059729113124453,,-0.20833245364368258,-0.012499999999999997,-0.0004104466904244758,0.4750000000000002,0.49624999999999997,0.0,0.0,0.0,-0.2583324536436822,-0.02000000000000006,-0.2405972911312447,
S4,S4_007_Battle_of_Sexes_hybrid_vs_tit_for_tat,hybrid-neutral-neutral__vs__fixed-tit_for_tat,Battle of Sexes,paper,136,20260445,0.012499999999999997,0.20833245364368258,0.0004104466904244758,0.50375,0.5249999999999997,0.0,0.0,0.0,0.02000000000000006,0.25833245364368196,0.24059729113124453,,-0.20833245364368258,-0.012499999999999997,-0.0004104466904244758,0.4750000000000002,0.49624999999999997,0.0,0.0,0.0,-0.2583324536436822,-0.02000000000000006,-0.2405972911312447,
S4,S4_007_Battle_of_Sexes_hybrid_vs_tit_for_tat,hybrid-neutral-neutral__vs__fixed-tit_for_tat,Battle of Sexes,paper,137,20260446,0.012499999999999997,0.20833245364368258,0.0004104466904244758,0.50375,0.5249999999999997,0.0,0.0,0.0,0.02000000000000006,0.25833245364368196,0.24059729113124453,,-0.20833245364368258,-0.012499999999999997,-0.0004104466904244758,0.4750000000000002,0.49624999999999997,0.0,0.0,0.0,-0.2583324536436822,-0.02000000000000006,-0.2405972911312447,
S4,S4_007_Battle_of_Sexes_hybrid_vs_tit_for_tat,hybrid-neutral-neutral__vs__fixed-tit_for_tat,Battle of Sexes,paper,138,20260447,0.012499999999999997,0.20833245364368258,0.0004104466904244758,0.50375,0.5249999999999997,0.0,0.0,0.0,0.02000000000000006,0.25833245364368196,0.24059729113124453,,-0.20833245364368258,-0.012499999999999997,-0.0004104466904244758,0.4750000000000002,0.49624999999999997,0.0,0.0,0.0,-0.2583324536436822,-0.02000000000000006,-0.2405972911312447,
S4,S4_007_Battle_of_Sexes_hybrid_vs_tit_for_tat,hybrid-neutral-neutral__vs__fixed-tit_for_tat,Battle of Sexes,paper,139,20260448,0.012499999999999997,0.20833245364368258,0.0004104466904244758,0.50375,0.5249999999999997,0.0,0.0,0.0,0.02000000000000006,0.25833245364368196,0.24059729113124453,,-0.20833245364368258,-0.012499999999999997,-0.0004104466904244758,0.4750000000000002,0.49624999999999997,0.0,0.0,0.0,-0.2583324536436822,-0.02000000000000006,-0.2405972911312447,
S4,S4_007_Battle_of_Sexes_hybrid_vs_tit_for_tat,hybrid-neutral-neutral__vs__fixed-tit_for_tat,Battle of Sexes,paper,140,20260449,0.012499999999999997,0.20833245364368258,0.0004104466904244758,0.50375,0.5249999999999997,0.0,0.0,0.0,0.02000000000000006,0.25833245364368196,0.24059729113124453,,-0.20833245364368258,-0.012499999999999997,-0.0004104466904244758,0.4750000000000002,0.49624999999999997,0.0,0.0,0.0,-0.2583324536436822,-0.02000000000000006,-0.2405972911312447,
S4,S4_008_Battle_of_Sexes_emotional_vs_rational,emotional-neutral-neutral__vs__rational,Battle of Sexes,paper,141,20260430,-0.20833245364368258,-0.012499999999999997,-0.0004104466904244758,0.4750000000000002,0.49624999999999997,0.0,0.0,0.0,-0.2583324536436822,-0.02000000000000006,-0.2405972911312447,,0.012499999999999997,0.20833245364368258,0.0004104466904244758,0.50375,0.5249999999999997,0.0,0.0,0.0,0.02000000000000006,0.25833245364368196,0.24059729113124453,
S4,S4_008_Battle_of_Sexes_emotional_vs_rational,emotional-neutral-neutral__vs__rational,Battle of Sexes,paper,142,20260431,-0.5,-0.012499999999999997,-0.0024342396987219544,0.3750000000667516,0.49624999999999997,0.0,0.0,0.0,-0.7499999998664968,-0.02000000000000006,-0.5506647921682613,0.9741927275002895,-0.5,0.20559359860618914,-0.004571263548274998,0.3750000001001269,0.524999713407508,0.0,0.0,0.0,-0.7499999997997462,0.25559302542120504,-0.3873195999271738,0.9628498441602635
S4,S4_008_Battle_of_Sexes_emotional_vs_rational,emotional-neutral-neutral__vs__rational,Battle of Sexes,paper,143,20260432,-0.5,-0.0625,-0.00030682144739643607,0.37500000000000094,0.48125,0.0,0.0,0.0,-0.7499999999999981,-0.09999999999999998,-0.7323522749348269,,-0.5,-0.0625,-0.00030682144739643607,0.37500000000000094,0.48125,0.0,0.0,0.0,-0.7499999999999981,-0.09999999999999998,-0.7323522749348269,
S4,S4_008_Battle_of_Sexes_emotional_vs_rational,emotional-neutral-neutral__vs__rational,Battle of Sexes,paper,144,20260433,-0.5,-0.012499999999999997,-0.0025887232596569073,0.37500000202610967,0.49624999999999997,0.0,0.0,0.0,-0.7499999959477807,-0.02000000000000006,-0.4989346519904453,0.973999262531889,-0.5,0.20758620803854744,-0.004887088634055533,0.375000003039164,0.5249999905580379,0.0,0.0,0.0,-0.749999993921672,0.2575861891546233,-0.2815144282999908,0.9658819948357198
S4,S4_008_Battle_of_Sexes_emotional_vs_rational,emotional-neutral-neutral__vs__rational,Battle of Sexes,paper,145,20260434,-0.5,-0.0625,-0.00030682144739643607,0.37500000000000094,0.48125,0.0,0.0,0.0,-0.7499999999999981,-0.09999999999999998,-0.7323522749348269,,-0.5,-0.0625,-0.00030682144739643607,0.37500000000000094,0.48125,0.0,0.0,0.0,-0.7499999999999981,-0.09999999999999998,-0.7323522749348269,
S4,S4_008_Battle_of_Sexes_emotional_vs_rational,emotional-neutral-neutral__vs__rational,Battle of Sexes,paper,146,20260435,-0.20833245364368258,-0.012499999999999997,-0.0004104466904244758,0.4750000000000002,0.49624999999999997,0.0,0.0,0.0,-0.2583324536436822,-0.02000000000000006,-0.2405972911312447,,0.012499999999999997,0.20833245364368258,0.0004104466904244758,0.50375,0.5249999999999997,0.0,0.0,0.0,0.02000000000000006,0.25833245364368196,0.24059729113124453,
S4,S4_008_Battle_of_Sexes_emotional_vs_rational,emotional-neutral-neutral__vs__rational,Battle of Sexes,paper,147,20260436,-0.5,-0.0625,-0.0008621334482077869,0.38197779151028716,0.48125,0.0,0.0,0.0,-0.7360444169794257,-0.09999999999999998,-0.6492575018229938,0.4236806884872856,-0.5,-0.04625,-0.0017459389579792095,0.3854666872648209,0.49177008007812495,0.0,0.0,0.0,-0.7290666254703582,-0.0691859792437501,-0.5727700816612794,0.5011013293655936
S4,S4_008_Battle_of_Sexes_emotional_vs_rational,emotional-neutral-neutral__vs__rational,Battle of Sexes,paper,148,20260437,-0.5,-0.0625,-0.00030682144739643607,0.37500000000000094,0.48125,0.0,0.0,0.0,-0.7499999999999981,-0.09999999999999998,-0.7323522749348269,,-0.5,-0.0625,-0.00030682144739643607,0.37500000000000094,0.48125,0.0,0.0,0.0,-0.7499999999999981,-0.09999999999999998,-0.7323522749348269,
S4,S4_008_Battle_of_Sexes_emotional_vs_rational,emotional-neutral-neutral__vs__rational,Battle of Sexes,paper,149,20260438,-0.5,-0.0625,-0.00030682144739643607,0.37500000000000094,0.48125,0.0,0.0,0.0,-0.7499999999999981,-0.09999999999999998,-0.7323522749348269,,-0.5,-0.0625,-0.00030682144739643607,0.37500000000000094,0.48125,0.0,0.0,0.0,-0.7499999999999981,-0.09999999999999998,-0.7323522749348269,
S4,S4_008_Battle_of_Sexes_emotional_vs_rational,emotional-neutral-neutral__vs__rational,Battle of Sexes,paper,150,20260439,-0.5,-0.0625,-0.00030682144739643607,0.37500000000000094,0.48125,0.0,0.0,0.0,-0.7499999999999981,-0.09999999999999998,-0.7323522749348269,,-0.5,-0.0625,-0.00030682144739643607,0.37500000000000094,0.48125,0.0,0.0,0.0,-0.7499999999999981,-0.09999999999999998,-0.7323522749348269,
S4,S4_008_Battle_of_Sexes_emotional_vs_rational,emotional-neutral-neutral__vs__rational,Battle of Sexes,paper,151,20260440,-0.5,-0.0625,-0.00030682144739643607,0.37500000000000094,0.48125,0.0,0.0,0.0,-0.7499999999999981,-0.09999999999999998,-0.7323522749348269,,-0.5,-0.0625,-0.00030682144739643607,0.37500000000000094,0.48125,0.0,0.0,0.0,-0.7499999999999981,-0.09999999999999998,-0.7323522749348269,
S4,S4_008_Battle_of_Sexes_emotional_vs_rational,emotional-neutral-neutral__vs__rational,Battle of Sexes,paper,152,20260441,-0.5,-0.0625,-0.00030682144739643607,0.37500000000000094,0.48125,0.0,0.0,0.0,-0.7499999999999981,-0.09999999999999998,-0.7323522749348269,,-0.5,-0.0625,-0.00030682144739643607,0.37500000000000094,0.48125,0.0,0.0,0.0,-0.7499999999999981,-0.09999999999999998,-0.7323522749348269,
S4,S4_008_Battle_of_Sexes_emotional_vs_rational,emotional-neutral-neutral__vs__rational,Battle of Sexes,paper,153,20260442,-0.5,-0.0625,-0.00030682144739643607,0.37500000000000094,0.48125,0.0,0.0,0.0,-0.7499999999999981,-0.09999999999999998,-0.7323522749348269,,-0.5,-0.0625,-0.00030682144739643607,0.37500000000000094,0.48125,0.0,0.0,0.0,-0.7499999999999981,-0.09999999999999998,-0.7323522749348269,
S4,S4_008_Battle_of_Sexes_emotional_vs_rational,emotional-neutral-neutral__vs__rational,Battle of Sexes,paper,154,20260443,-0.5,-0.0625,-0.00030682144739643607,0.37500000000000094,0.48125,0.0,0.0,0.0,-0.7499999999999981,-0.09999999999999998,-0.7323522749348269,,-0.5,-0.0625,-0.00030682144739643607,0.37500000000000094,0.48125,0.0,0.0,0.0,-0.7499999999999981,-0.09999999999999998,-0.7323522749348269,
S4,S4_008_Battle_of_Sexes_emotional_vs_rational,emotional-neutral-neutral__vs__rational,Battle of Sexes,paper,155,20260444,-0.5,-0.0625,-0.00030682144739643607,0.37500000000000094,0.48125,0.0,0.0,0.0,-0.7499999999999981,-0.09999999999999998,-0.7323522749348269,,-0.5,-0.0625,-0.00030682144739643607,0.37500000000000094,0.48125,0.0,0.0,0.0,-0.7499999999999981,-0.09999999999999998,-0.7323522749348269,
S4,S4_008_Battle_of_Sexes_emotional_vs_rational,emotional-neutral-neutral__vs__rational,Battle of Sexes,paper,156,20260445,-0.5,-0.0625,-0.00030682144739643607,0.37500000000000094,0.48125,0.0,0.0,0.0,-0.7499999999999981,-0.09999999999999998,-0.7323522749348269,,-0.5,-0.0625,-0.00030682144739643607,0.37500000000000094,0.48125,0.0,0.0,0.0,-0.7499999999999981,-0.09999999999999998,-0.7323522749348269,
S4,S4_008_Battle_of_Sexes_emotional_vs_rational,emotional-neutral-neutral__vs__rational,Battle of Sexes,paper,157,20260446,-0.5,-0.012499999999999997,-0.0006292411211328392,0.3750000000000022,0.49624999999999997,0.0,0.0,0.0,-0.7499999999999956,-0.02000000000000006,-0.7147992143613491,0.857445180291325,-0.5,0.06461046227999998,-0.0008236536320983476,0.37500000000000283,0.515571262109375,0.0,0.0,0.0,-0.7499999999999943,0.09575298649874994,-0.7047360910677868,0.8163334946314493
S4,S4_008_Battle_of_Sexes_emotional_vs_rational,emotional-neutral-neutral__vs__rational,Battle of Sexes,paper,158,20260447,-0.35707863485055324,-0.012499999999999997,-0.0002037258256808403,0.44012722628803136,0.49624999999999997,0.0,0.0,0.0,-0.4609472972297465,-0.02000000000000006,-0.2808656968531531,0.27225553951341247,-0.17884797398051186,0.20831907692172164,0.0007205279875399295,0.4613333046875,0.524999999999858,0.0,0.0,0.0,-0.25438420057761957,0.2583190769214377,0.18019468254838195,0.47153973395243776
S4,S4_008_Battle_of_Sexes_emotional_vs_rational,emotional-neutral-neutral__vs__rational,Battle of Sexes,paper,159,20260448,-0.5,-0.0625,-0.00030682144739643607,0.37500000000000094,0.48125,0.0,0.0,0.0,-0.7499999999999981,-0.09999999999999998,-0.7323522749348269,,-0.5,-0.0625,-0.00030682144739643607,0.37500000000000094,0.48125,0.0,0.0,0.0,-0.7499999999999981,-0.09999999999999998,-0.7323522749348269,
S4,S4_008_Battle_of_Sexes_emotional_vs_rational,emotional-neutral-neutral__vs__rational,Battle of Sexes,paper,160,20260449,-0.5,-0.012499999999999997,-0.0008212979236531238,0.37500000000000405,0.49624999999999997,0.0,0.0,0.0,-0.7499999999999919,-0.02000000000000006,-0.7035515051651228,0.9118313588747059,-0.5,0.09612185123022918,-0.0011620044204563413,0.37500000000000566,0.5200781398914819,0.0,0.0,0.0,-0.7499999999999887,0.13627813101319294,-0.6858191669135726,0.8679486486661601
S4,S4_009_Ultimatum_Game_hybrid_vs_rational,hybrid-neutral-neutral__vs__rational,Ultimatum Game,paper,161,20260430,0.0,0.0,0.0,0.5,0.5,0.0,0.0,0.0,0.0,0.0,0.0,,0.0,0.0,0.0,0.5,0.5,0.0,0.0,0.0,0.0,0.0,0.0,
S4,S4_009_Ultimatum_Game_hybrid_vs_rational,hybrid-neutral-neutral__vs__rational,Ultimatum Game,paper,162,20260431,0.0,0.0,0.0,0.5,0.5,0.0,0.0,0.0,0.0,0.0,0.0,,0.0,0.0,0.0,0.5,0.5,0.0,0.0,0.0,0.0,0.0,0.0,
S4,S4_009_Ultimatum_Game_hybrid_vs_rational,hybrid-neutral-neutral__vs__rational,Ultimatum Game,paper,163,20260432,0.0,0.0,0.0,0.5,0.5,0.0,0.0,0.0,0.0,0.0,0.0,,0.0,0.0,0.0,0.5,0.5,0.0,0.0,0.0,0.0,0.0,0.0,
S4,S4_009_Ultimatum_Game_hybrid_vs_rational,hybrid-neutral-neutral__vs__rational,Ultimatum Game,paper,164,20260433,0.0,0.0,0.0,0.5,0.5,0.0,0.0,0.0,0.0,0.0,0.0,,0.0,0.0,0.0,0.5,0.5,0.0,0.0,0.0,0.0,0.0,0.0,
S4,S4_009_Ultimatum_Game_hybrid_vs_rational,hybrid-neutral-neutral__vs__rational,Ultimatum Game,paper,165,20260434,0.0,0.0,0.0,0.5,0.5,0.0,0.0,0.0,0.0,0.0,0.0,,0.0,0.0,0.0,0.5,0.5,0.0,0.0,0.0,0.0,0.0,0.0,
S4,S4_009_Ultimatum_Game_hybrid_vs_rational,hybrid-neutral-neutral__vs__rational,Ultimatum Game,paper,166,20260435,0.0,0.0,0.0,0.5,0.5,0.0,0.0,0.0,0.0,0.0,0.0,,0.0,0.0,0.0,0.5,0.5,0.0,0.0,0.0,0.0,0.0,0.0,
S4,S4_009_Ultimatum_Game_hybrid_vs_rational,hybrid-neutral-neutral__vs__rational,Ultimatum Game,paper,167,20260436,0.0,0.0,0.0,0.5,0.5,0.0,0.0,0.0,0.0,0.0,0.0,,0.0,0.0,0.0,0.5,0.5,0.0,0.0,0.0,0.0,0.0,0.0,
S4,S4_009_Ultimatum_Game_hybrid_vs_rational,hybrid-neutral-neutral__vs__rational,Ultimatum Game,paper,168,20260437,0.0,0.0,0.0,0.5,0.5,0.0,0.0,0.0,0.0,0.0,0.0,,0.0,0.0,0.0,0.5,0.5,0.0,0.0,0.0,0.0,0.0,0.0,
S4,S4_009_Ultimatum_Game_hybrid_vs_rational,hybrid-neutral-neutral__vs__rational,Ultimatum Game,paper,169,20260438,0.0,0.0,0.0,0.5,0.5,0.0,0.0,0.0,0.0,0.0,0.0,,0.0,0.0,0.0,0.5,0.5,0.0,0.0,0.0,0.0,0.0,0.0,
S4,S4_009_Ultimatum_Game_hybrid_vs_rational,hybrid-neutral-neutral__vs__rational,Ultimatum Game,paper,170,20260439,0.0,0.0,0.0,0.5,0.5,0.0,0.0,0.0,0.0,0.0,0.0,,0.0,0.0,0.0,0.5,0.5,0.0,0.0,0.0,0.0,0.0,0.0,
S4,S4_009_Ultimatum_Game_hybrid_vs_rational,hybrid-neutral-neutral__vs__rational,Ultimatum Game,paper,171,20260440,0.0,0.0,0.0,0.5,0.5,0.0,0.0,0.0,0.0,0.0,0.0,,0.0,0.0,0.0,0.5,0.5,0.0,0.0,0.0,0.0,0.0,0.0,
S4,S4_009_Ultimatum_Game_hybrid_vs_rational,hybrid-neutral-neutral__vs__rational,Ultimatum Game,paper,172,20260441,0.0,0.0,0.0,0.5,0.5,0.0,0.0,0.0,0.0,0.0,0.0,,0.0,0.0,0.0,0.5,0.5,0.0,0.0,0.0,0.0,0.0,0.0,
S4,S4_009_Ultimatum_Game_hybrid_vs_rational,hybrid-neutral-neutral__vs__rational,Ultimatum Game,paper,173,20260442,0.0,0.0,0.0,0.5,0.5,0.0,0.0,0.0,0.0,0.0,0.0,,0.0,0.0,0.0,0.5,0.5,0.0,0.0,0.0,0.0,0.0,0.0,
S4,S4_009_Ultimatum_Game_hybrid_vs_rational,hybrid-neutral-neutral__vs__rational,Ultimatum Game,paper,174,20260443,0.0,0.0,0.0,0.5,0.5,0.0,0.0,0.0,0.0,0.0,0.0,,0.0,0.0,0.0,0.5,0.5,0.0,0.0,0.0,0.0,0.0,0.0,
S4,S4_009_Ultimatum_Game_hybrid_vs_rational,hybrid-neutral-neutral__vs__rational,Ultimatum Game,paper,175,20260444,0.0,0.0,0.0,0.5,0.5,0.0,0.0,0.0,0.0,0.0,0.0,,0.0,0.0,0.0,0.5,0.5,0.0,0.0,0.0,0.0,0.0,0.0,
S4,S4_009_Ultimatum_Game_hybrid_vs_rational,hybrid-neutral-neutral__vs__rational,Ultimatum Game,paper,176,20260445,0.0,0.0,0.0,0.5,0.5,0.0,0.0,0.0,0.0,0.0,0.0,,0.0,0.0,0.0,0.5,0.5,0.0,0.0,0.0,0.0,0.0,0.0,
S4,S4_009_Ultimatum_Game_hybrid_vs_rational,hybrid-neutral-neutral__vs__rational,Ultimatum Game,paper,177,20260446,0.0,0.0,0.0,0.5,0.5,0.0,0.0,0.0,0.0,0.0,0.0,,0.0,0.0,0.0,0.5,0.5,0.0,0.0,0.0,0.0,0.0,0.0,
S4,S4_009_Ultimatum_Game_hybrid_vs_rational,hybrid-neutral-neutral__vs__rational,Ultimatum Game,paper,178,20260447,0.0,0.0,0.0,0.5,0.5,0.0,0.0,0.0,0.0,0.0,0.0,,0.0,0.0,0.0,0.5,0.5,0.0,0.0,0.0,0.0,0.0,0.0,
S4,S4_009_Ultimatum_Game_hybrid_vs_rational,hybrid-neutral-neutral__vs__rational,Ultimatum Game,paper,179,20260448,0.0,0.0,0.0,0.5,0.5,0.0,0.0,0.0,0.0,0.0,0.0,,0.0,0.0,0.0,0.5,0.5,0.0,0.0,0.0,0.0,0.0,0.0,
S4,S4_009_Ultimatum_Game_hybrid_vs_rational,hybrid-neutral-neutral__vs__rational,Ultimatum Game,paper,180,20260449,0.0,0.0,0.0,0.5,0.5,0.0,0.0,0.0,0.0,0.0,0.0,,0.0,0.0,0.0,0.5,0.5,0.0,0.0,0.0,0.0,0.0,0.0,
S4,S4_010_Ultimatum_Game_hybrid_vs_always_defect,hybrid-neutral-neutral__vs__fixed-always_defect,Ultimatum Game,paper,181,20260430,-0.5,-0.0625,-0.00030682144739643607,0.37500000000000094,0.48125,0.0,0.0,0.0,-0.7499999999999981,-0.09999999999999998,-0.7323522749348269,,-0.5,-0.0625,-0.00030682144739643607,0.37500000000000094,0.48125,0.0,0.0,0.0,-0.7499999999999981,-0.09999999999999998,-0.7323522749348269,
S4,S4_010_Ultimatum_Game_hybrid_vs_always_defect,hybrid-neutral-neutral__vs__fixed-always_defect,Ultimatum Game,paper,182,20260431,-0.5,-0.0625,-0.00030682144739643607,0.37500000000000094,0.48125,0.0,0.0,0.0,-0.7499999999999981,-0.09999999999999998,-0.7323522749348269,,-0.5,-0.0625,-0.00030682144739643607,0.37500000000000094,0.48125,0.0,0.0,0.0,-0.7499999999999981,-0.09999999999999998,-0.7323522749348269,
S4,S4_010_Ultimatum_Game_hybrid_vs_always_defect,hybrid-neutral-neutral__vs__fixed-always_defect,Ultimatum Game,paper,183,20260432,-0.5,-0.0625,-0.00030682144739643607,0.37500000000000094,0.48125,0.0,0.0,0.0,-0.7499999999999981,-0.09999999999999998,-0.7323522749348269,,-0.5,-0.0625,-0.00030682144739643607,0.37500000000000094,0.48125,0.0,0.0,0.0,-0.7499999999999981,-0.09999999999999998,-0.7323522749348269,
S4,S4_010_Ultimatum_Game_hybrid_vs_always_defect,hybrid-neutral-neutral__vs__fixed-always_defect,Ultimatum Game,paper,184,20260433,-0.5,-0.0625,-0.00030682144739643607,0.37500000000000094,0.48125,0.0,0.0,0.0,-0.7499999999999981,-0.09999999999999998,-0.7323522749348269,,-0.5,-0.0625,-0.00030682144739643607,0.37500000000000094,0.48125,0.0,0.0,0.0,-0.7499999999999981,-0.09999999999999998,-0.7323522749348269,
S4,S4_010_Ultimatum_Game_hybrid_vs_always_defect,hybrid-neutral-neutral__vs__fixed-always_defect,Ultimatum Game,paper,185,20260434,-0.5,-0.0625,-0.00030682144739643607,0.37500000000000094,0.48125,0.0,0.0,0.0,-0.7499999999999981,-0.09999999999999998,-0.7323522749348269,,-0.5,-0.0625,-0.00030682144739643607,0.37500000000000094,0.48125,0.0,0.0,0.0,-0.7499999999999981,-0.09999999999999998,-0.7323522749348269,
S4,S4_010_Ultimatum_Game_hybrid_vs_always_defect,hybrid-neutral-neutral__vs__fixed-always_defect,Ultimatum Game,paper,186,20260435,-0.5,-0.0625,-0.00030682144739643607,0.37500000000000094,0.48125,0.0,0.0,0.0,-0.7499999999999981,-0.09999999999999998,-0.7323522749348269,,-0.5,-0.0625,-0.00030682144739643607,0.37500000000000094,0.48125,0.0,0.0,0.0,-0.7499999999999981,-0.09999999999999998,-0.7323522749348269,
S4,S4_010_Ultimatum_Game_hybrid_vs_always_defect,hybrid-neutral-neutral__vs__fixed-always_defect,Ultimatum Game,paper,187,20260436,-0.5,-0.0625,-0.00030682144739643607,0.37500000000000094,0.48125,0.0,0.0,0.0,-0.7499999999999981,-0.09999999999999998,-0.7323522749348269,,-0.5,-0.0625,-0.00030682144739643607,0.37500000000000094,0.48125,0.0,0.0,0.0,-0.7499999999999981,-0.09999999999999998,-0.7323522749348269,
S4,S4_010_Ultimatum_Game_hybrid_vs_always_defect,hybrid-neutral-neutral__vs__fixed-always_defect,Ultimatum Game,paper,188,20260437,-0.5,-0.0625,-0.00030682144739643607,0.37500000000000094,0.48125,0.0,0.0,0.0,-0.7499999999999981,-0.09999999999999998,-0.7323522749348269,,-0.5,-0.0625,-0.00030682144739643607,0.37500000000000094,0.48125,0.0,0.0,0.0,-0.7499999999999981,-0.09999999999999998,-0.7323522749348269,
S4,S4_010_Ultimatum_Game_hybrid_vs_always_defect,hybrid-neutral-neutral__vs__fixed-always_defect,Ultimatum Game,paper,189,20260438,-0.5,-0.0625,-0.00030682144739643607,0.37500000000000094,0.48125,0.0,0.0,0.0,-0.7499999999999981,-0.09999999999999998,-0.7323522749348269,,-0.5,-0.0625,-0.00030682144739643607,0.37500000000000094,0.48125,0.0,0.0,0.0,-0.7499999999999981,-0.09999999999999998,-0.7323522749348269,
S4,S4_010_Ultimatum_Game_hybrid_vs_always_defect,hybrid-neutral-neutral__vs__fixed-always_defect,Ultimatum Game,paper,190,20260439,-0.5,-0.0625,-0.00030682144739643607,0.37500000000000094,0.48125,0.0,0.0,0.0,-0.7499999999999981,-0.09999999999999998,-0.7323522749348269,,-0.5,-0.0625,-0.00030682144739643607,0.37500000000000094,0.48125,0.0,0.0,0.0,-0.7499999999999981,-0.09999999999999998,-0.7323522749348269,
S4,S4_010_Ultimatum_Game_hybrid_vs_always_defect,hybrid-neutral-neutral__vs__fixed-always_defect,Ultimatum Game,paper,191,20260440,-0.5,-0.0625,-0.00030682144739643607,0.37500000000000094,0.48125,0.0,0.0,0.0,-0.7499999999999981,-0.09999999999999998,-0.7323522749348269,,-0.5,-0.0625,-0.00030682144739643607,0.37500000000000094,0.48125,0.0,0.0,0.0,-0.7499999999999981,-0.09999999999999998,-0.7323522749348269,
S4,S4_010_Ultimatum_Game_hybrid_vs_always_defect,hybrid-neutral-neutral__vs__fixed-always_defect,Ultimatum Game,paper,192,20260441,-0.5,-0.0625,-0.00030682144739643607,0.37500000000000094,0.48125,0.0,0.0,0.0,-0.7499999999999981,-0.09999999999999998,-0.7323522749348269,,-0.5,-0.0625,-0.00030682144739643607,0.37500000000000094,0.48125,0.0,0.0,0.0,-0.7499999999999981,-0.09999999999999998,-0.7323522749348269,
S4,S4_010_Ultimatum_Game_hybrid_vs_always_defect,hybrid-neutral-neutral__vs__fixed-always_defect,Ultimatum Game,paper,193,20260442,-0.5,-0.0625,-0.00030682144739643607,0.37500000000000094,0.48125,0.0,0.0,0.0,-0.7499999999999981,-0.09999999999999998,-0.7323522749348269,,-0.5,-0.0625,-0.00030682144739643607,0.37500000000000094,0.48125,0.0,0.0,0.0,-0.7499999999999981,-0.09999999999999998,-0.7323522749348269,
S4,S4_010_Ultimatum_Game_hybrid_vs_always_defect,hybrid-neutral-neutral__vs__fixed-always_defect,Ultimatum Game,paper,194,20260443,-0.5,-0.0625,-0.00030682144739643607,0.37500000000000094,0.48125,0.0,0.0,0.0,-0.7499999999999981,-0.09999999999999998,-0.7323522749348269,,-0.5,-0.0625,-0.00030682144739643607,0.37500000000000094,0.48125,0.0,0.0,0.0,-0.7499999999999981,-0.09999999999999998,-0.7323522749348269,
S4,S4_010_Ultimatum_Game_hybrid_vs_always_defect,hybrid-neutral-neutral__vs__fixed-always_defect,Ultimatum Game,paper,195,20260444,-0.5,-0.0625,-0.00030682144739643607,0.37500000000000094,0.48125,0.0,0.0,0.0,-0.7499999999999981,-0.09999999999999998,-0.7323522749348269,,-0.5,-0.0625,-0.00030682144739643607,0.37500000000000094,0.48125,0.0,0.0,0.0,-0.7499999999999981,-0.09999999999999998,-0.7323522749348269,
S4,S4_010_Ultimatum_Game_hybrid_vs_always_defect,hybrid-neutral-neutral__vs__fixed-always_defect,Ultimatum Game,paper,196,20260445,-0.5,-0.0625,-0.00030682144739643607,0.37500000000000094,0.48125,0.0,0.0,0.0,-0.7499999999999981,-0.09999999999999998,-0.7323522749348269,,-0.5,-0.0625,-0.00030682144739643607,0.37500000000000094,0.48125,0.0,0.0,0.0,-0.7499999999999981,-0.09999999999999998,-0.7323522749348269,
S4,S4_010_Ultimatum_Game_hybrid_vs_always_defect,hybrid-neutral-neutral__vs__fixed-always_defect,Ultimatum Game,paper,197,20260446,-0.5,-0.0625,-0.00030682144739643607,0.37500000000000094,0.48125,0.0,0.0,0.0,-0.7499999999999981,-0.09999999999999998,-0.7323522749348269,,-0.5,-0.0625,-0.00030682144739643607,0.37500000000000094,0.48125,0.0,0.0,0.0,-0.7499999999999981,-0.09999999999999998,-0.7323522749348269,
S4,S4_010_Ultimatum_Game_hybrid_vs_always_defect,hybrid-neutral-neutral__vs__fixed-always_defect,Ultimatum Game,paper,198,20260447,-0.5,-0.0625,-0.00030682144739643607,0.37500000000000094,0.48125,0.0,0.0,0.0,-0.7499999999999981,-0.09999999999999998,-0.7323522749348269,,-0.5,-0.0625,-0.00030682144739643607,0.37500000000000094,0.48125,0.0,0.0,0.0,-0.7499999999999981,-0.09999999999999998,-0.7323522749348269,
S4,S4_010_Ultimatum_Game_hybrid_vs_always_defect,hybrid-neutral-neutral__vs__fixed-always_defect,Ultimatum Game,paper,199,20260448,-0.5,-0.0625,-0.00030682144739643607,0.37500000000000094,0.48125,0.0,0.0,0.0,-0.7499999999999981,-0.09999999999999998,-0.7323522749348269,,-0.5,-0.0625,-0.00030682144739643607,0.37500000000000094,0.48125,0.0,0.0,0.0,-0.7499999999999981,-0.09999999999999998,-0.7323522749348269,
S4,S4_010_Ultimatum_Game_hybrid_vs_always_defect,hybrid-neutral-neutral__vs__fixed-always_defect,Ultimatum Game,paper,200,20260449,-0.5,-0.0625,-0.00030682144739643607,0.37500000000000094,0.48125,0.0,0.0,0.0,-0.7499999999999981,-0.09999999999999998,-0.7323522749348269,,-0.5,-0.0625,-0.00030682144739643607,0.37500000000000094,0.48125,0.0,0.0,0.0,-0.7499999999999981,-0.09999999999999998,-0.7323522749348269,
S4,S4_011_Ultimatum_Game_hybrid_vs_tit_for_tat,hybrid-neutral-neutral__vs__fixed-tit_for_tat,Ultimatum Game,paper,201,20260430,0.0,0.0,0.0,0.5,0.5,0.0,0.0,0.0,0.0,0.0,0.0,,0.0,0.0,0.0,0.5,0.5,0.0,0.0,0.0,0.0,0.0,0.0,
S4,S4_011_Ultimatum_Game_hybrid_vs_tit_for_tat,hybrid-neutral-neutral__vs__fixed-tit_for_tat,Ultimatum Game,paper,202,20260431,0.0,0.0,0.0,0.5,0.5,0.0,0.0,0.0,0.0,0.0,0.0,,0.0,0.0,0.0,0.5,0.5,0.0,0.0,0.0,0.0,0.0,0.0,
S4,S4_011_Ultimatum_Game_hybrid_vs_tit_for_tat,hybrid-neutral-neutral__vs__fixed-tit_for_tat,Ultimatum Game,paper,203,20260432,0.0,0.0,0.0,0.5,0.5,0.0,0.0,0.0,0.0,0.0,0.0,,0.0,0.0,0.0,0.5,0.5,0.0,0.0,0.0,0.0,0.0,0.0,
S4,S4_011_Ultimatum_Game_hybrid_vs_tit_for_tat,hybrid-neutral-neutral__vs__fixed-tit_for_tat,Ultimatum Game,paper,204,20260433,0.0,0.0,0.0,0.5,0.5,0.0,0.0,0.0,0.0,0.0,0.0,,0.0,0.0,0.0,0.5,0.5,0.0,0.0,0.0,0.0,0.0,0.0,
S4,S4_011_Ultimatum_Game_hybrid_vs_tit_for_tat,hybrid-neutral-neutral__vs__fixed-tit_for_tat,Ultimatum Game,paper,205,20260434,0.0,0.0,0.0,0.5,0.5,0.0,0.0,0.0,0.0,0.0,0.0,,0.0,0.0,0.0,0.5,0.5,0.0,0.0,0.0,0.0,0.0,0.0,
S4,S4_011_Ultimatum_Game_hybrid_vs_tit_for_tat,hybrid-neutral-neutral__vs__fixed-tit_for_tat,Ultimatum Game,paper,206,20260435,0.0,0.0,0.0,0.5,0.5,0.0,0.0,0.0,0.0,0.0,0.0,,0.0,0.0,0.0,0.5,0.5,0.0,0.0,0.0,0.0,0.0,0.0,
S4,S4_011_Ultimatum_Game_hybrid_vs_tit_for_tat,hybrid-neutral-neutral__vs__fixed-tit_for_tat,Ultimatum Game,paper,207,20260436,0.0,0.0,0.0,0.5,0.5,0.0,0.0,0.0,0.0,0.0,0.0,,0.0,0.0,0.0,0.5,0.5,0.0,0.0,0.0,0.0,0.0,0.0,
S4,S4_011_Ultimatum_Game_hybrid_vs_tit_for_tat,hybrid-neutral-neutral__vs__fixed-tit_for_tat,Ultimatum Game,paper,208,20260437,0.0,0.0,0.0,0.5,0.5,0.0,0.0,0.0,0.0,0.0,0.0,,0.0,0.0,0.0,0.5,0.5,0.0,0.0,0.0,0.0,0.0,0.0,
S4,S4_011_Ultimatum_Game_hybrid_vs_tit_for_tat,hybrid-neutral-neutral__vs__fixed-tit_for_tat,Ultimatum Game,paper,209,20260438,0.0,0.0,0.0,0.5,0.5,0.0,0.0,0.0,0.0,0.0,0.0,,0.0,0.0,0.0,0.5,0.5,0.0,0.0,0.0,0.0,0.0,0.0,
S4,S4_011_Ultimatum_Game_hybrid_vs_tit_for_tat,hybrid-neutral-neutral__vs__fixed-tit_for_tat,Ultimatum Game,paper,210,20260439,0.0,0.0,0.0,0.5,0.5,0.0,0.0,0.0,0.0,0.0,0.0,,0.0,0.0,0.0,0.5,0.5,0.0,0.0,0.0,0.0,0.0,0.0,
S4,S4_011_Ultimatum_Game_hybrid_vs_tit_for_tat,hybrid-neutral-neutral__vs__fixed-tit_for_tat,Ultimatum Game,paper,211,20260440,0.0,0.0,0.0,0.5,0.5,0.0,0.0,0.0,0.0,0.0,0.0,,0.0,0.0,0.0,0.5,0.5,0.0,0.0,0.0,0.0,0.0,0.0,
S4,S4_011_Ultimatum_Game_hybrid_vs_tit_for_tat,hybrid-neutral-neutral__vs__fixed-tit_for_tat,Ultimatum Game,paper,212,20260441,0.0,0.0,0.0,0.5,0.5,0.0,0.0,0.0,0.0,0.0,0.0,,0.0,0.0,0.0,0.5,0.5,0.0,0.0,0.0,0.0,0.0,0.0,
S4,S4_011_Ultimatum_Game_hybrid_vs_tit_for_tat,hybrid-neutral-neutral__vs__fixed-tit_for_tat,Ultimatum Game,paper,213,20260442,0.0,0.0,0.0,0.5,0.5,0.0,0.0,0.0,0.0,0.0,0.0,,0.0,0.0,0.0,0.5,0.5,0.0,0.0,0.0,0.0,0.0,0.0,
S4,S4_011_Ultimatum_Game_hybrid_vs_tit_for_tat,hybrid-neutral-neutral__vs__fixed-tit_for_tat,Ultimatum Game,paper,214,20260443,0.0,0.0,0.0,0.5,0.5,0.0,0.0,0.0,0.0,0.0,0.0,,0.0,0.0,0.0,0.5,0.5,0.0,0.0,0.0,0.0,0.0,0.0,
S4,S4_011_Ultimatum_Game_hybrid_vs_tit_for_tat,hybrid-neutral-neutral__vs__fixed-tit_for_tat,Ultimatum Game,paper,215,20260444,0.0,0.0,0.0,0.5,0.5,0.0,0.0,0.0,0.0,0.0,0.0,,0.0,0.0,0.0,0.5,0.5,0.0,0.0,0.0,0.0,0.0,0.0,
S4,S4_011_Ultimatum_Game_hybrid_vs_tit_for_tat,hybrid-neutral-neutral__vs__fixed-tit_for_tat,Ultimatum Game,paper,216,20260445,0.0,0.0,0.0,0.5,0.5,0.0,0.0,0.0,0.0,0.0,0.0,,0.0,0.0,0.0,0.5,0.5,0.0,0.0,0.0,0.0,0.0,0.0,
S4,S4_011_Ultimatum_Game_hybrid_vs_tit_for_tat,hybrid-neutral-neutral__vs__fixed-tit_for_tat,Ultimatum Game,paper,217,20260446,0.0,0.0,0.0,0.5,0.5,0.0,0.0,0.0,0.0,0.0,0.0,,0.0,0.0,0.0,0.5,0.5,0.0,0.0,0.0,0.0,0.0,0.0,
S4,S4_011_Ultimatum_Game_hybrid_vs_tit_for_tat,hybrid-neutral-neutral__vs__fixed-tit_for_tat,Ultimatum Game,paper,218,20260447,0.0,0.0,0.0,0.5,0.5,0.0,0.0,0.0,0.0,0.0,0.0,,0.0,0.0,0.0,0.5,0.5,0.0,0.0,0.0,0.0,0.0,0.0,
S4,S4_011_Ultimatum_Game_hybrid_vs_tit_for_tat,hybrid-neutral-neutral__vs__fixed-tit_for_tat,Ultimatum Game,paper,219,20260448,0.0,0.0,0.0,0.5,0.5,0.0,0.0,0.0,0.0,0.0,0.0,,0.0,0.0,0.0,0.5,0.5,0.0,0.0,0.0,0.0,0.0,0.0,
S4,S4_011_Ultimatum_Game_hybrid_vs_tit_for_tat,hybrid-neutral-neutral__vs__fixed-tit_for_tat,Ultimatum Game,paper,220,20260449,0.0,0.0,0.0,0.5,0.5,0.0,0.0,0.0,0.0,0.0,0.0,,0.0,0.0,0.0,0.5,0.5,0.0,0.0,0.0,0.0,0.0,0.0,
S4,S4_012_Ultimatum_Game_emotional_vs_rational,emotional-neutral-neutral__vs__rational,Ultimatum Game,paper,221,20260430,0.0,0.0,0.0,0.5,0.5,0.0,0.0,0.0,0.0,0.0,0.0,,0.0,0.0,0.0,0.5,0.5,0.0,0.0,0.0,0.0,0.0,0.0,
S4,S4_012_Ultimatum_Game_emotional_vs_rational,emotional-neutral-neutral__vs__rational,Ultimatum Game,paper,222,20260431,0.0,0.0,0.0,0.5,0.5,0.0,0.0,0.0,0.0,0.0,0.0,,0.0,0.0,0.0,0.5,0.5,0.0,0.0,0.0,0.0,0.0,0.0,
S4,S4_012_Ultimatum_Game_emotional_vs_rational,emotional-neutral-neutral__vs__rational,Ultimatum Game,paper,223,20260432,0.0,0.0,0.0,0.5,0.5,0.0,0.0,0.0,0.0,0.0,0.0,,0.0,0.0,0.0,0.5,0.5,0.0,0.0,0.0,0.0,0.0,0.0,
S4,S4_012_Ultimatum_Game_emotional_vs_rational,emotional-neutral-neutral__vs__rational,Ultimatum Game,paper,224,20260433,0.0,0.0,0.0,0.5,0.5,0.0,0.0,0.0,0.0,0.0,0.0,,0.0,0.0,0.0,0.5,0.5,0.0,0.0,0.0,0.0,0.0,0.0,
S4,S4_012_Ultimatum_Game_emotional_vs_rational,emotional-neutral-neutral__vs__rational,Ultimatum Game,paper,225,20260434,0.0,0.0,0.0,0.5,0.5,0.0,0.0,0.0,0.0,0.0,0.0,,0.0,0.0,0.0,0.5,0.5,0.0,0.0,0.0,0.0,0.0,0.0,
S4,S4_012_Ultimatum_Game_emotional_vs_rational,emotional-neutral-neutral__vs__rational,Ultimatum Game,paper,226,20260435,0.0,0.0,0.0,0.5,0.5,0.0,0.0,0.0,0.0,0.0,0.0,,0.0,0.0,0.0,0.5,0.5,0.0,0.0,0.0,0.0,0.0,0.0,
S4,S4_012_Ultimatum_Game_emotional_vs_rational,emotional-neutral-neutral__vs__rational,Ultimatum Game,paper,227,20260436,0.0,0.0,0.0,0.5,0.5,0.0,0.0,0.0,0.0,0.0,0.0,,0.0,0.0,0.0,0.5,0.5,0.0,0.0,0.0,0.0,0.0,0.0,
S4,S4_012_Ultimatum_Game_emotional_vs_rational,emotional-neutral-neutral__vs__rational,Ultimatum Game,paper,228,20260437,0.0,0.0,0.0,0.5,0.5,0.0,0.0,0.0,0.0,0.0,0.0,,0.0,0.0,0.0,0.5,0.5,0.0,0.0,0.0,0.0,0.0,0.0,
S4,S4_012_Ultimatum_Game_emotional_vs_rational,emotional-neutral-neutral__vs__rational,Ultimatum Game,paper,229,20260438,0.0,0.0,0.0,0.5,0.5,0.0,0.0,0.0,0.0,0.0,0.0,,0.0,0.0,0.0,0.5,0.5,0.0,0.0,0.0,0.0,0.0,0.0,
S4,S4_012_Ultimatum_Game_emotional_vs_rational,emotional-neutral-neutral__vs__rational,Ultimatum Game,paper,230,20260439,0.0,0.0,0.0,0.5,0.5,0.0,0.0,0.0,0.0,0.0,0.0,,0.0,0.0,0.0,0.5,0.5,0.0,0.0,0.0,0.0,0.0,0.0,
S4,S4_012_Ultimatum_Game_emotional_vs_rational,emotional-neutral-neutral__vs__rational,Ultimatum Game,paper,231,20260440,0.0,0.0,0.0,0.5,0.5,0.0,0.0,0.0,0.0,0.0,0.0,,0.0,0.0,0.0,0.5,0.5,0.0,0.0,0.0,0.0,0.0,0.0,
S4,S4_012_Ultimatum_Game_emotional_vs_rational,emotional-neutral-neutral__vs__rational,Ultimatum Game,paper,232,20260441,0.0,0.0,0.0,0.5,0.5,0.0,0.0,0.0,0.0,0.0,0.0,,0.0,0.0,0.0,0.5,0.5,0.0,0.0,0.0,0.0,0.0,0.0,
S4,S4_012_Ultimatum_Game_emotional_vs_rational,emotional-neutral-neutral__vs__rational,Ultimatum Game,paper,233,20260442,0.0,0.0,0.0,0.5,0.5,0.0,0.0,0.0,0.0,0.0,0.0,,0.0,0.0,0.0,0.5,0.5,0.0,0.0,0.0,0.0,0.0,0.0,
S4,S4_012_Ultimatum_Game_emotional_vs_rational,emotional-neutral-neutral__vs__rational,Ultimatum Game,paper,234,20260443,0.0,0.0,0.0,0.5,0.5,0.0,0.0,0.0,0.0,0.0,0.0,,0.0,0.0,0.0,0.5,0.5,0.0,0.0,0.0,0.0,0.0,0.0,
S4,S4_012_Ultimatum_Game_emotional_vs_rational,emotional-neutral-neutral__vs__rational,Ultimatum Game,paper,235,20260444,0.0,0.0,0.0,0.5,0.5,0.0,0.0,0.0,0.0,0.0,0.0,,0.0,0.0,0.0,0.5,0.5,0.0,0.0,0.0,0.0,0.0,0.0,
S4,S4_012_Ultimatum_Game_emotional_vs_rational,emotional-neutral-neutral__vs__rational,Ultimatum Game,paper,236,20260445,0.0,0.0,0.0,0.5,0.5,0.0,0.0,0.0,0.0,0.0,0.0,,0.0,0.0,0.0,0.5,0.5,0.0,0.0,0.0,0.0,0.0,0.0,
S4,S4_012_Ultimatum_Game_emotional_vs_rational,emotional-neutral-neutral__vs__rational,Ultimatum Game,paper,237,20260446,0.0,0.0,0.0,0.5,0.5,0.0,0.0,0.0,0.0,0.0,0.0,,0.0,0.0,0.0,0.5,0.5,0.0,0.0,0.0,0.0,0.0,0.0,
S4,S4_012_Ultimatum_Game_emotional_vs_rational,emotional-neutral-neutral__vs__rational,Ultimatum Game,paper,238,20260447,0.0,0.0,0.0,0.5,0.5,0.0,0.0,0.0,0.0,0.0,0.0,,0.0,0.0,0.0,0.5,0.5,0.0,0.0,0.0,0.0,0.0,0.0,
S4,S4_012_Ultimatum_Game_emotional_vs_rational,emotional-neutral-neutral__vs__rational,Ultimatum Game,paper,239,20260448,0.0,0.0,0.0,0.5,0.5,0.0,0.0,0.0,0.0,0.0,0.0,,0.0,0.0,0.0,0.5,0.5,0.0,0.0,0.0,0.0,0.0,0.0,
S4,S4_012_Ultimatum_Game_emotional_vs_rational,emotional-neutral-neutral__vs__rational,Ultimatum Game,paper,240,20260449,0.0,0.0,0.0,0.5,0.5,0.0,0.0,0.0,0.0,0.0,0.0,,0.0,0.0,0.0,0.5,0.5,0.0,0.0,0.0,0.0,0.0,0.0,
